,alloy_name,phases,VHN,R_delta,S_config,VEC,R_cov_delta,density_avg,Tm_avg,E_avg,E_delta,G_avg,G_delta,K_avg,K_delta,Compress_avg,Compress_delta,EN_Allen_avg,H_avg,Vm_delta,E_coh_avg,E_coh_delta,Senkov_param,H_chem,H_el
0,Al1.8CoCrCuFe,FCC + BCC,557.0,0.4296406807463287,0.4861489155666975,0.5545977011494253,0.06592770142380082,0.3437975383764349,0.10938891623152884,0.38924082781841407,0.5991580278058638,0.4157463187625197,0.6518240215076488,0.443729805494335,0.5715109937482449,0.15391185696277762,0.43885206543401956,0.7805423032791841,0.24561598147236463,0.44884523380188285,0.16790354171533298,0.26014749588357017,0.004124069001038302,0.6272851296043656,0.2795847750865052
1,AlCoCrCuFeNi,FCC + BCC,439.0,0.35293696451505213,0.7066950526114236,0.699074074074074,0.12378743618186919,0.42738825120238483,0.17079860763914542,0.5082772166105499,0.48913660907300727,0.5163510879865542,0.5079455106031464,0.5359087015391418,0.4161901899314428,0.10639668186619265,0.42221302736592486,0.8523058960887331,0.29787519270728596,0.392830983775829,0.20114643043251684,0.24539436286261324,0.007433684973373754,0.6736698499317871,0.20553633217993075
2,Al22.5Cu20Fe15Ni20Ti22.5,FCC,516.0,0.4857140275425746,0.5107673604249606,0.5798611111111112,0.6326993498869873,0.33225003457336477,0.11987266158588285,0.3870738636363637,0.6386419960158363,0.35589095102719515,0.6816788468042619,0.38247810108043895,0.5155961021050981,0.16531416647345235,0.34566421998108277,0.707092819614711,0.540378041423688,0.5332867530585598,0.21511203751954155,0.3503741225026561,0.0005717329547407943,0.2586630286493861,0.4795847750865052
3,Co1.5CrFeNi1.5Ti,FCC + Im,654.0,0.4228616811532627,0.5000000000000002,0.6875,0.6210231815501405,0.45397132715622557,0.2976062638848432,0.6098134118967452,0.3418353141067889,0.6070911334012766,0.3438572824521655,0.6138329326590954,0.2443886479000166,0.06556405698534147,0.22406826491783843,0.7880910683012258,0.7074870969904149,0.4942746225992361,0.2840020844189683,0.09881794962892328,0.0018415239959500985,0.40873124147339696,0.3847750865051903
4,NbTaTiVW,BCC+HCP,447.0,0.23592302393830467,0.5208099393420963,0.3055555555555556,0.11321344147103203,0.7546213064122067,0.7908306777325154,0.6238425925925927,0.9650552910982033,0.6274741189722685,0.9642579959857862,0.7270164967255246,0.6192247089836096,0.05893036556148083,0.3352433978229197,0.24693520140105094,0.45405188015282527,0.20536111199490886,0.8120896300156333,0.5840173307919971,0.01928227651625372,0.7260572987721692,0.15501730103806224
5,CoFeMoNi1.6V,FCC + Im,520.0,0.23696990257452868,0.49944223865238874,0.7023809523809524,0.7252831171487023,0.5211095086630975,0.3935813129340131,0.8004599567099566,0.4080921957040592,0.7462184197822238,0.4667672432020348,0.7428579323630308,0.271212887048618,0.034088525277952586,0.11720296400449902,0.7668251188391295,0.2917181350722473,0.3531687795277584,0.4028884091416663,0.46674053538699606,0.004565219064520592,0.5768076398362892,0.3813148788927336
6,AlCrCuFeNi,FCC + BCC,418.5,0.37648195662500084,0.5208099393420963,0.6666666666666666,0.11089171939488461,0.4005900520905362,0.1557624001704221,0.465172558922559,0.5347884887794255,0.4799656707611437,0.5552975216968683,0.4984387521069941,0.45169738189465664,0.12137723162531884,0.42080543350840677,0.8283712784588451,0.23430524834104158,0.40579408872383355,0.1855132881709224,0.25230076265708373,0.007024102975044149,0.684856753069577,0.2200692041522491
7,Al1.125CuFe0.75NiTi1.125,FCC,516.0,0.4857140275425746,0.5107673604249606,0.5798611111111112,0.6326993498869873,0.33225003457336477,0.11987266158588285,0.3870738636363637,0.6386419960158363,0.35589095102719515,0.6816788468042619,0.38247810108043895,0.5155961021050981,0.16531416647345235,0.34566421998108277,0.707092819614711,0.540378041423688,0.5332867530585598,0.21511203751954155,0.3503741225026561,0.0005717329547407943,0.2586630286493861,0.4795847750865052
8,AlCoCrFeMo0.5Ni0.5,BCC + Im,708.0,0.39808969402097194,0.6621489498643813,0.5555555555555557,0.40374978151970087,0.4107315723966258,0.2637848506849493,0.6030092592592594,0.6110566250734435,0.6214396824545404,0.6024753179020954,0.6063721020199508,0.5308013483029316,0.09865522837931834,0.5036192371483975,0.7530647985989498,0.31377438166096927,0.4397681279157548,0.2726420010422096,0.5231350665182067,0.0032750422355363076,0.5175989085948158,0.3674740484429066
9,Al1.5CoCrFeNi,BCC,467.7,0.430771024726993,0.5052402433229455,0.5580808080808081,0.13903051576206815,0.36190140933606574,0.16327627167478143,0.49738865932047754,0.5685396143665331,0.5138316599454829,0.5752975564688907,0.5136518128311215,0.5270916607072738,0.12890907685714084,0.4832621792409573,0.801623945231651,0.3034934098678317,0.4689638662576747,0.20919986735515655,0.24268889115149478,0.0015633592794953948,0.42892223738062757,0.3134948096885813
10,CoFeNiSi0.5,FCC + Im,287.0,0.17590679646936136,0.25812005998408927,0.7619047619047618,0.06738751914443827,0.4503493556183364,0.24015709397876797,0.6892285954785955,0.24244458421542953,0.72088336487843,0.0011700775591010886,0.6051483678939537,0.24448247834911455,0.0682598566901836,0.23782339264854988,0.9919939954966223,0.5733245238574013,0.20147109638625232,0.28288543140028277,0.026478901649122658,0.0022619364689841826,0.5290586630286495,0.1176470588235294
11,AlCoCuFeNiSi,FCC + BCC,682.0,0.45348543129311814,0.7066950526114236,0.6527777777777777,0.08732780398399446,0.35332442108821593,0.12614611093962608,0.47934203142536463,0.5406988874053439,0.5362423787301758,0.518523950988649,0.4518131660633527,0.4962885686603832,0.1376974006234382,0.3779187233513154,0.9311150029188556,0.47080903545814057,0.40503770489397306,0.21955879798506148,0.279154075657125,0.0022915772387825783,0.48240109140518417,0.2692041522491349
12,HfMoTaTiZr,BCC,542.0,0.4206297205343693,0.5208099393420963,0.24999999999999997,0.25893585697343435,0.6836306642695801,0.6721437980670996,0.5165193602693603,0.8564401867651276,0.4737971356541329,0.9485237568784304,0.5164552764652245,0.7851329040389481,0.13405209057887013,0.3790759562682303,0.08581436077057786,0.7231852000804343,0.381827860725067,0.7174570088587806,0.39842048405521696,0.03558740974728981,0.773806275579809,0.4311418685121107
13,Al0.5CoCrCuFeNiV1.2,BCC,579.0,0.26499340173518293,0.8386454926281897,0.6786898839137645,0.48688333790990845,0.43654359924894953,0.2528967197038452,0.5107715839991959,0.416661251624214,0.5111606052769996,0.44878475843603816,0.5754440926429776,0.2735807660444062,0.08032812981233411,0.32129314655225444,0.7976318059440101,0.32416841991530376,0.29956672507284055,0.2592146095992159,0.33672000839048355,0.0081083656568773,0.660300136425648,0.14948096885813145
14,Al0.43CoCrFeMnNi,FCC + BCC,183.0,0.30941216324914667,0.6730637049118563,0.6672293840802127,0.1873430214502458,0.44475431008245925,0.2266728407639274,0.6254276574833665,0.32120226053910866,0.6474417199628298,0.29638754546839086,0.5066180331039821,0.5744331708956898,0.14685960201125073,0.5778749588079987,0.8497740708846554,0.28526714608795417,0.27931202262456933,0.19294119001897284,0.3498643327686656,0.004730341328263732,0.5978171896316506,0.11972318339100345
15,Al0.5CoCrCuFeNiTi1.6,FCC + BCC + Im,657.0,0.4827970273626615,0.820101321226781,0.6263693270735525,0.6390694912813447,0.39776445053022236,0.23582117965928676,0.47031198131550256,0.4873280495893777,0.4704050079590346,0.5346478373406776,0.5038469786360265,0.4043734367773682,0.1086653626061182,0.32372965367666123,0.7176685330899585,0.7061512448914278,0.5369759714107303,0.24954311591277742,0.2643541185464098,0.002337771582635104,0.41882673942701226,0.46159169550173007
16,AlCoCrFeNiTiVZr,,780.0,0.6452839148516308,1.0,0.4618055555555556,0.9063459165226061,0.3496750103720095,0.28193622645282734,0.4049873737373738,0.6131692051491858,0.4064461191868262,0.6718034242560784,0.46565254635386455,0.5151878773312262,0.13573305510472217,0.3939550586289004,0.5976357267950964,0.5611301025537905,0.7566494684559312,0.3285565398645129,0.4338370693143366,0.0010609349944820574,0.1197817189631651,0.786159169550173
17,CoCuFeMnNiSn0.05,FCC + Im,205.0,0.27494411565788773,0.5611952014162862,0.8542354235423544,0.15263032583836866,0.5159477917090561,0.1685495630822294,0.6525746324632464,0.2526233539218854,0.6310430002395188,0.28344348773443845,0.48389902407301183,0.5219703373092448,0.14420483318909216,0.5432412317440262,0.9438886095264525,0.2025886320785708,0.33401632811225124,0.17643265108167944,0.3814753817514445,0.023399883174896614,0.8739427012278309,0.1273356401384083
18,NbTiV2Zr,BCC,304.0,0.5042443107102972,0.23813191829752675,0.24999999999999997,0.2778410035003687,0.32720232333010657,0.5009607985496726,0.20612373737373735,0.284584678874597,0.2377836185163332,0.43723162952922734,0.419740805217055,0.3954361003308745,0.13691166241595182,0.2825992323642762,0.26094570928196126,0.592881560426302,0.5267036585472324,0.5853048462741012,0.4112895257554005,0.04569472525259209,0.7956343792633015,0.4332179930795848
19,HfMoNbTaTiZr,BCC,505.0,0.3970478073363082,0.7066950526114236,0.2592592592592592,0.21783620034832654,0.6587993054595185,0.6900591405562776,0.4633838383838384,0.8633122063438309,0.4714280605768027,0.8661062832430991,0.5313953595475606,0.6979275113203768,0.12114537444933918,0.37308469769751496,0.10799766491535301,0.5869026074133655,0.35438065356555004,0.754907069654334,0.38255804291260465,0.09322925491608906,0.8021828103683493,0.36055363321799305
20,CoFeMo0.2NiV,FCC + Im,267.0,0.1879400705962003,0.42118659893637367,0.708994708994709,0.6516126214866429,0.48362759108160847,0.32922918533764683,0.6877254689754688,0.33764037027671395,0.6431700395654693,0.38959068128867275,0.6682825220502417,0.15087221830445458,0.04555257453472151,0.05629626679496007,0.8118588941706283,0.3469209924066147,0.26412826010453433,0.3461128067693987,0.31803243296663597,0.0034627525458794757,0.5522510231923602,0.1916955017301038
21,AlCoCuFeNiTi,FCC + BCC,626.0,0.4756143274044241,0.7066950526114236,0.6527777777777777,0.5813286041068777,0.38682216997802676,0.14933280293775378,0.4705737934904601,0.5620682307535169,0.4396913944465304,0.6142903180828383,0.4576160343382428,0.47903398413809256,0.13376870958600615,0.37464611078401355,0.7734967892586105,0.5244319324351499,0.5398973937041022,0.22720166753517448,0.3060768323484934,0.0013575261823924039,0.3544338335607094,0.45536332179930794
22,Al0.5CoCrCuFeNiV0.6,FCC + BCC + Im,328.0,0.27003650015235275,0.8327004583044225,0.7153916211293262,0.3802877988551328,0.4502003743747512,0.2313941229005383,0.5296630926753879,0.41398490336508836,0.5332489757945451,0.4362636070539619,0.5769410050785293,0.2905245014379862,0.08148259360758361,0.33737563973675494,0.8338836094283834,0.3281655365201597,0.3025111309336115,0.2383755200369045,0.3008526819206634,0.011257051201226278,0.7042291950886767,0.1411764705882353
23,CoFeMo0.6NiV,FCC + Im,557.0,0.2238396450369817,0.5037303307346412,0.6859903381642513,0.6973622143623416,0.5011314008325668,0.3752470280552043,0.7485040623627581,0.406285911214674,0.7012516645716192,0.46276503482039266,0.7120371671910876,0.2463801192448511,0.0390880956461255,0.10047913088498586,0.7694357724815355,0.31692880686139935,0.32185589230683137,0.38434873235607325,0.42730807690348943,0.004299452036678548,0.5688949522510233,0.30934256055363324
24,Al2CoCrFeNiTi,BCC,643.0,0.4982996295937814,0.6619458043334745,0.46428571428571425,0.5193789646162978,0.3067875746620042,0.16218459629381424,0.4189664502164502,0.6377554891110961,0.42931471789488207,0.6724005666376436,0.4433786114959953,0.5965920909849219,0.15553752221964603,0.4322290274312533,0.6942707030272702,0.5162161385768865,0.5250270450245078,0.22303282959874934,0.29508195032647644,0.000619655726576819,0.19017735334242836,0.471280276816609
25,Al0.5CoCrCuFeNiV1.4,BCC,577.0,0.26315461785741734,0.8307943995611593,0.6678743961352657,0.5097400138693379,0.4325191389461772,0.2592332337376702,0.5052045210559706,0.4169169595973124,0.5046514719360803,0.451776259904961,0.5750029735194577,0.2684097764369524,0.07998792550552149,0.3163487197651026,0.7869489073326739,0.3229905256501048,0.2979990518135894,0.26535559734463143,0.34406542113105054,0.0075375731066244355,0.6493860845839017,0.15086505190311417
26,Al2CoCrFeMo0.5Ni,BCC,605.0,0.4394056154703952,0.6252187571718669,0.5085470085470086,0.35881805606481615,0.3584070011949973,0.18821970014925316,0.5290646853146853,0.703804877024712,0.5382882418230805,0.7137540359128769,0.5297019706370615,0.645839480772845,0.13493790389222804,0.5085091557390834,0.7470025596120167,0.2501198781110304,0.4762410102444715,0.242914979757085,0.5192899483815683,0.001867072573660744,0.4281036834924966,0.40692041522491346
27,Al0.75CoCrFeMnNi,FCC + BCC,530.0,0.35106149779098433,0.7015607585203111,0.6316425120772947,0.17604035337538326,0.4196384728393651,0.20250365237654455,0.5917279680866638,0.39455486957938196,0.6133296329896523,0.38725175766838366,0.48201291048084516,0.6152377397902632,0.1589985786147038,0.5608568107524268,0.8341582273661767,0.26444504673060615,0.3509285509277998,0.1861476765525522,0.35311101237872494,0.003358583368996727,0.5356070941336971,0.1764705882352941
28,Al0.5HfNbTaTiZr,BCC,396.0,0.3344393493643921,0.6822280040756697,0.20454545454545464,0.48446274206902284,0.5935639062454164,0.5778385154931238,0.2551939853076217,0.5224327779312004,0.27903722089207256,0.5458016491323833,0.37257428801820763,0.5793690710884452,0.1705731087831714,0.3107164446412639,0.11065117019582843,0.6318117836316107,0.3106529802615824,0.6871002889762662,0.5736957417982107,0.007955479409730156,0.6193724420190996,0.21937716262975776
29,Al0.5CoCrCuFeNiTi1.8,FCC + BCC + Im,667.0,0.4915702075131324,0.8072803631669968,0.6137747336377474,0.6577714617363457,0.39125934822734937,0.23870501888454804,0.4625550597297172,0.4929935504300448,0.46195237258980737,0.543308594315815,0.4967913885889037,0.41082415769926517,0.11109293661405943,0.31958809192971194,0.7025645946788859,0.7412906406926169,0.5442295583905145,0.2529856446351195,0.26552378959370393,0.0021312266565838914,0.39672578444747614,0.4823529411764706
30,Hf0.5Mo0.5NbSi0.1TiZr,BCC + Im,442.0,0.461728865902232,0.5481031314646369,0.23441734417344182,0.38213118306090355,0.4547246329882743,0.5694446020267644,0.31678317730146993,0.9635793407440383,0.3735633462111587,0.9431098204914594,0.4192852025511054,0.7374419431756153,0.15797862012934996,0.3114892632768183,0.1488616462346764,0.7710416738191112,0.37563060023271194,0.674029919038117,0.3959641178909305,0.012400377720638015,0.6965893587994543,0.3480968858131488
31,CoFeMoNiV,FCC + Im,625.0,0.24419754945414351,0.5208099393420963,0.6666666666666667,0.7197094076855005,0.5158346010233716,0.4139020159379524,0.799558080808081,0.43519708523030426,0.7500402295767847,0.493449911585869,0.7487910691093982,0.2891532640900613,0.033657933379704755,0.1277546248130628,0.7338003502626974,0.2917353710034185,0.35140153191079043,0.41646690984887963,0.47836883511532047,0.004936969749714371,0.5839017735334243,0.38823529411764707
32,Al0.5CoCrCuFeNi,FCC,237.5,0.27374200046797625,0.6822280040756697,0.7601010101010102,0.13720257719027568,0.4668368095280002,0.2052000504310551,0.5526763850627489,0.4072822914384798,0.5601566271522823,0.41632843641966844,0.578764516590928,0.31003684181405955,0.0828889404127058,0.3556621055980745,0.8780448973093462,0.3330347512933477,0.30088739524494923,0.2129897200246341,0.22273526390702533,0.024702574847918525,0.772169167803547,0.12525951557093426
33,CrNbTiVZr,BCC + Im,482.0,0.5955862894310315,0.5208099393420963,0.2777777777777778,0.527220429538978,0.3484073203337483,0.5006347356934487,0.2250631313131314,0.33822346664597663,0.30483291315775357,0.5658504424386529,0.45091049766503655,0.4485168796975978,0.12980137568591085,0.31335133310588936,0.30297723292469336,0.6620550975266438,0.6185252971700662,0.534861907243356,0.5430448064832812,0.012139914994120156,0.703137789904502,0.6512110726643598
34,Al0.62CoCrFeMnNi,FCC + BCC,405.0,0.3361433754445354,0.6937562463636969,0.6456109134045077,0.18051542237977727,0.42949682999567085,0.21199043511823362,0.6049556208586458,0.3671009615517675,0.6267191582311815,0.3539149618951807,0.4916708041973001,0.5995499620872724,0.15423384130132656,0.5677272653521399,0.8402876890764164,0.2726180449158553,0.32624291787308335,0.188814236359017,0.3519842924920561,0.003806192755087901,0.5587994542974078,0.15501730103806224
35,Al3CoCrCuFeNi,BCC,640.0,0.4477914772647266,0.5799680658121482,0.53125,0.08217222278989487,0.31890471580694235,0.07619463996139414,0.38617950336700335,0.6689550901079542,0.3958858552808024,0.7039486186306199,0.41805521014672975,0.6305548631371134,0.1710429708632816,0.4400432830145205,0.7815236427320494,0.20118640659561632,0.48133339161270056,0.1685773840541949,0.28041875759144036,0.0019927588006223604,0.4987721691678036,0.3391003460207612
36,AlCrCuFeNi0.6,FCC + BCC,496.0,0.3866981308118703,0.5037303307346414,0.63768115942029,0.08689570015493302,0.3862877025047151,0.14980764181702266,0.4353635997657738,0.5436601445780597,0.4595826851901518,0.5756107258737753,0.4814842847994889,0.4699359281964057,0.1286555308017218,0.41943628427873964,0.8097921267037241,0.22932531321308988,0.4054993155773002,0.17645059700478066,0.24883248870952462,0.009227589754851353,0.7156889495225102,0.21937716262975776
37,Al1.25CoCrFeNi,BCC,493.0,0.4130628889058703,0.5163858738925623,0.5833333333333334,0.1468049064018136,0.3794465188463253,0.1809378685674785,0.5201268638768639,0.5330829798371539,0.5366574457922415,0.5345516804817455,0.5350402450626276,0.48630888356474217,0.11766751680964527,0.48000428352860214,0.8126928529730635,0.3221778556586519,0.4531240871707331,0.21578699223305783,0.22952599041863567,0.0018391774471536748,0.45266030013642555,0.28719723183391005
38,Al0.81CoCrFeMnNi,FCC + BCC,539.0,0.3572019692033441,0.7038390330914674,0.6254063874545803,0.17402582060151178,0.41523725738443823,0.19826832450616513,0.5858225470424266,0.40635197069929924,0.6073519447711382,0.4013907583908951,0.4777011909506075,0.6221079304952053,0.1611257723417934,0.5577150087165949,0.8314217590904022,0.2607962515656836,0.3608002543139049,0.1849572039367175,0.3535517772627683,0.0031819508805418294,0.5255115961800818,0.18546712802768162
39,Al0.3CoCrCuFe,FCC,180.0,0.24368928219384287,0.4526790318451992,0.7383720930232559,0.1107059148151768,0.4660103623610232,0.21997246715131563,0.5180854083470363,0.3796105013170922,0.5487426542040218,0.40566606935261856,0.576021108816954,0.2852611462115269,0.08028279386099711,0.3164619022093152,0.8542744267502953,0.3623006093369311,0.24475109700311407,0.20175236617909031,0.2149401617912487,0.01680757756125447,0.8911323328785811,0.08512110726643597
40,Al0.3CrFe1.5MnNi0.5,FCC + BCC,297.0,0.31382553873897717,0.39064702451297617,0.6091731266149871,0.09936033895300148,0.4202341554825853,0.2405573966170953,0.6153516756714433,0.31634611595262796,0.6571130257756199,0.28029784714298567,0.4582286664263265,0.6189546399379438,0.1696107135988727,0.5620374337172752,0.8135462061662525,0.216735020272261,0.23367351702256975,0.17266745034356556,0.36644648646945965,0.00650806253268816,0.6742155525238746,0.08719723183391002
41,Al0.5CoFeNi,FCC + BCC,212.0,0.3420640592125549,0.25812005998408927,0.742063492063492,0.04474426154637455,0.4552225536874963,0.18164589076956422,0.6578132515632517,0.3751216575411039,0.619926284089777,0.40621022795396583,0.5841475112800655,0.35465228811971045,0.08885098208075254,0.43046914898959626,0.9144358268701525,0.32248427221280623,0.3968092444135144,0.24596143824908812,0.18365726942504898,0.0025531426424806936,0.5675306957708048,0.21176470588235294
42,Hf0.5Mo0.5NbSi0.3TiZr,BCC + Im,494.0,0.5671065901086724,0.6170267184990188,0.23126614987080105,0.5834551842353022,0.431683567413773,0.5523523488809877,0.3132022746848328,0.9458679210690863,0.3906622474424593,0.9162147597430761,0.4096208085843894,0.7359136699921345,0.160902589431267,0.3023473909533491,0.19366268887712237,0.812714238282072,0.4012968972015294,0.6579977459190228,0.4174058274493497,0.003955018931987917,0.4862210095497954,0.3847750865051903
43,Al0.5CoCrCuFeNiTi,FCC + BCC + Im,636.0,0.4432128273217384,0.8426633887446128,0.6688034188034188,0.5539071048852621,0.4196816413660558,0.22610485980802084,0.49644684019684027,0.4658096762872547,0.49888388712612275,0.502408965972594,0.5276188897178702,0.37963143914252145,0.10048630556397774,0.3363430842249428,0.7685571871211101,0.5877585113458832,0.4993428612712135,0.2379444422175012,0.257356861429092,0.003401304617416069,0.5080491132332878,0.3778546712802768
44,Al0.3HfNbTaTiZr,BCC,353.0,0.3354187517566008,0.6496991540084067,0.21121593291404617,0.3842934936970893,0.6162095589482391,0.6074783561936893,0.26407351820087677,0.5111653727303431,0.28826541197616784,0.532067236515209,0.3841999314917439,0.5614653650714313,0.1632369303276478,0.30360094607739496,0.09334831312163336,0.6590076981739128,0.30551430194510976,0.710354252902947,0.5222618829253706,0.016685656490016687,0.7178717598908595,0.2200692041522491
45,AlNbTiV,BCC,448.0,0.250048552574623,0.2933049473885763,0.2013888888888889,0.5757412974228537,0.2465311390771217,0.3461515887956107,0.1808712121212121,0.2771506586686665,0.2356380410878077,0.44730732067682416,0.3692834839315814,0.5077833452845262,0.17186413169487597,0.34800521611511126,0.34588441330998265,0.5222199879348481,0.20913671138653286,0.46482542991141224,0.7359558359543132,0.0013826691479541916,0.3819918144611187,0.11487889273356401
46,Al0.5CoCrCuFeNiV2.0,BCC,587.0,0.25740935441893426,0.7928610340426591,0.6388888888888888,0.5566023501461623,0.421733585334747,0.2762150913483205,0.49028479236812567,0.41629605344262527,0.487206994582417,0.4581209857205981,0.5738207742684241,0.25411012435865,0.07907617796326354,0.3025901479243558,0.7583187390542908,0.31983376901937116,0.29226307948427016,0.28181344450234497,0.35798932220827917,0.006418650714986611,0.6248294679399727,0.15294117647058822
47,MoNbTiV,BCC,441.0,0.2640078699404738,0.2933049473885763,0.3055555555555556,0.0805997123333552,0.41939796247637495,0.6126644987109648,0.5225694444444445,0.8893813957667988,0.5547926835809688,0.8459987895454247,0.6460250352317003,0.5493608800825776,0.07342143906020557,0.31201011253244654,0.28458844133099814,0.5449426905288558,0.22152707924844794,0.6435643564356436,0.449814167076879,0.021557367379194597,0.757162346521146,0.15086505190311417
48,AlCoCuFeNi,FCC + BCC,536.0,0.37648195662500084,0.5208099393420963,0.7500000000000001,0.021699896654949806,0.43212096067856004,0.11098310124903821,0.5272516835016835,0.5213273123110355,0.49525290993938753,0.5642630320408799,0.49987565282268104,0.45374210848067176,0.1210680887240127,0.42216074086980726,0.8949211908931705,0.23157048059521423,0.4335388989242867,0.1976029181865555,0.27286123168446264,0.005050092389136831,0.651568894952251,0.24705882352941175
49,AlNb1.5Ta0.5Ti1.5Zr0.5,BCC,408.0,0.2236455779858618,0.4141148867306726,0.19444444444444448,0.62855125163027,0.36739962199787957,0.4461083311233516,0.18265993265993266,0.4622166996517342,0.24569543528402074,0.5603555104035581,0.358285666915361,0.5852477931293123,0.1808099544014221,0.33480233679318366,0.2451838879159373,0.5937663382264228,0.2172078823815998,0.5813444502344971,0.7593050149810405,0.0021896137403374727,0.41664392905866304,0.0809688581314879
50,Co1.5CrFeNi1.5Ti0.5,FCC,509.0,0.32511284284043246,0.4567424921359347,0.7348484848484848,0.48726784552020913,0.4806661553999405,0.2936539868397079,0.6482342363024183,0.2777048656816794,0.6475645258030066,0.2507043995613711,0.6472433863630084,0.16454732936746327,0.05359062453892038,0.173354498075503,0.8446107307753541,0.5910096338409226,0.3841400742974149,0.27571178170448607,0.07873883694284071,0.003162284528266221,0.5377899045020464,0.2325259515570934
51,Al2CoCrFeNi,BCC,484.3,0.4532661902262575,0.4711300350742825,0.513888888888889,0.12487500918909462,0.3311974676931115,0.13236847711256114,0.45759680134680125,0.6263889682215463,0.4738865347136547,0.64102079115053,0.4762220564259859,0.5923685543391018,0.14858180694025813,0.47933810728633625,0.7822533566841796,0.27079562973389637,0.48625690963701923,0.19767239881882917,0.26155295425563996,0.0011834490073220792,0.39618008185538883,0.3487889273356401
52,Hf0.5Mo0.5NbTiZr,BCC + Im,400.0,0.3909709932226637,0.46997871054143214,0.23611111111111113,0.2318896417812858,0.46710920573456877,0.5786316880926192,0.31870791245791247,0.9727762250797912,0.36437268679933493,0.9573497246187871,0.4244798143082153,0.737885803557344,0.15640698662956956,0.316321139548251,0.12478108581436051,0.7486426704202694,0.36046540892615614,0.6826472120896301,0.3833396909190016,0.25772269049869423,0.8180081855388813,0.3259515570934256
53,Cu31.6Mn31.6Ni31.6Sn5,FCC + Im,205.0,0.4307283065580615,0.14657951465715993,0.8702961478512581,0.26009727433429297,0.5126744523020133,0.09124812836217748,0.5716759697846873,0.38548397750945923,0.5663939583291454,0.3620405447406791,0.3657189202245992,0.665352893543794,0.20792764135582392,0.4981314331120766,0.9480431967262017,0.03908799702763662,0.7567881301240977,0.11313925401610933,0.43044235495225563,0.029156284720438526,0.7969986357435197,0.5391003460207612
54,HfMo0.75NbTaTiZr,BCC,492.0,0.38699764921960045,0.7015607585203111,0.25120772946859893,0.20609996441385103,0.657663562078731,0.6827384781200482,0.4232405577514274,0.8390384351890864,0.4349202055090033,0.8399321749366112,0.5035664212161515,0.6830336210473786,0.12766425736818582,0.35568710347823307,0.0986065636183656,0.6123326834471361,0.34408576222090337,0.7535627704646894,0.3919119754245651,0.45144158114280797,0.8199181446111868,0.33633217993079584
55,Hf0.5Nb0.5Ta0.5Ti1.5Zr,BCC,301.0,0.32097939651155266,0.40329430265929217,0.2013888888888889,0.21322591580377584,0.49177153920619565,0.5506446262667541,0.22203808922558924,0.4852948271599827,0.2294359813334763,0.552214776264184,0.3294233054243002,0.5259164858559945,0.18046216863745268,0.23202331080793173,0.08975481611208413,1.0,0.31212909254544136,0.645127670661803,0.4803632292451575,0.030617239531360852,0.8742155525238745,0.20830449826989617
56,AlCrCuFeNi1.2,FCC + BCC,407.0,0.37153278653166627,0.5179006742972924,0.6794871794871794,0.11929362590097164,0.4069160913304185,0.15839623559596425,0.47835729085729084,0.5290777948942691,0.48898122207138983,0.54559884791317,0.5059378434160827,0.4429728347108149,0.11815798391267905,0.4208262355131847,0.8365889801966863,0.23650791195532792,0.4050796898595929,0.1895217861867157,0.25278611406253865,0.006394189385959288,0.6733969986357435,0.21937716262975776
57,CoFeMo0.4NiV,FCC + Im,402.0,0.20858746099079972,0.475405284117924,0.6969696969696968,0.6783543954053576,0.49277730981506396,0.35328396675818824,0.7194960973370065,0.37951650265698467,0.6735308890005022,0.4342564513944168,0.6911542683738655,0.2093551367284607,0.042173415115682664,0.0815249100120605,0.7896831714695113,0.33124325905343394,0.29803109399090183,0.36609976787152404,0.38404031871408784,0.00391609456601671,0.5607094133697135,0.25674740484429065
58,Al0.38CoCrFeMnNi,FCC,182.0,0.3011606203873573,0.6651702624788732,0.6731722428748452,0.18919965946196965,0.4489485498637031,0.23070899414530113,0.6310553646752534,0.3076868252803724,0.6531382958252768,0.27886715513999905,0.5107269856795813,0.5673445160863112,0.1448324436855695,0.580554014436272,0.8523818514443455,0.2887443495993608,0.26403126935778876,0.19407567835633116,0.34920219267238867,0.005048308653746681,0.6090040927694407,0.10934256055363321
59,HfNbSi0.5TiV,BCC + lm,490.0,0.6322085373025891,0.4919117777352281,0.2283950617283951,0.703059092277403,0.43179315396159534,0.5200535902418805,0.2666830340441452,0.15191123844574228,0.3669056601524552,0.38603275623252736,0.39694689300923236,0.3399485221059019,0.137375376767911,0.18717548897550085,0.2558863592138545,0.9341555510869807,0.4497400029183576,0.5910485785420647,0.46467300078822127,0.0021195522819515483,0.3596180081855389,0.49065743944636675
60,Al0.5CoCrCuFeNiTi0.8,FCC + BCC,590.0,0.42362685893318863,0.8414152741140812,0.6847442680776014,0.5109585801689004,0.4279150834260779,0.22245481372632836,0.5062646972369195,0.4567866634663541,0.5095823020513252,0.48907540024904816,0.5365490785369754,0.3691338871146152,0.09741374974391435,0.3405231393477688,0.787674088900008,0.5432829341938532,0.4788293013696719,0.23358726850128625,0.2534071247453473,0.004053464641868062,0.5470668485675306,0.3411764705882353
61,CoFeMoNi1.2V,FCC + Im,602.0,0.24181894857330366,0.5179006742972924,0.6794871794871795,0.722964927400985,0.5177281576119911,0.40660740460320477,0.7998818311318311,0.42563538612237223,0.7486682978556604,0.4840834080965484,0.7466612251491637,0.2828902540967785,0.033812504830357804,0.12403012957769777,0.7456553953926978,0.2917291837460749,0.35256331780171474,0.41159257626167456,0.4745844472079791,0.004793270023746049,0.5803547066848568,0.38685121107266435
62,Hf0.5Mo0.5NbSi0.7TiZr,BCC + Im,580.0,0.7040587693418262,0.6622458921753002,0.2257683215130024,0.8295263099563973,0.3914842615178345,0.5225318221160156,0.30695474246006155,0.912946065703537,0.4204943729949408,0.8680650123991235,0.3927595254935231,0.7308519071666831,0.16600398268142,0.28588976548334916,0.2718262100830942,0.885419563515323,0.4389868676994052,0.6300267204771989,0.4489951370310752,0.0013680145958105917,0.17025920873124142,0.43667820069204155
63,CoCrFeMoNiTiVZr,,850.0,0.6305771519495775,1.0,0.513888888888889,0.8837788753005715,0.43610842207163597,0.4151926814105044,0.57583648989899,0.6703794653107626,0.5660234404334064,0.714905738747435,0.604023322003924,0.5086512966283802,0.086511708787387,0.37079755142198306,0.5669877408056041,0.5724914538507943,0.7537428279936891,0.4179260031266286,0.4641230696163816,0.0026546580392094892,0.3386084583901774,0.8615916955017301
64,Al0.5CoCrFeNi,FCC + BCC,184.0,0.30452437480129346,0.4919117777352281,0.6759259259259259,0.1736008876715144,0.44377858705061035,0.24569705717403484,0.6035002805836139,0.38282531970367256,0.620351993897024,0.35475008866539176,0.61346449657815,0.30457462916365113,0.07644846330216139,0.40642507217504903,0.8532788480249076,0.3906874902249927,0.3399007963920397,0.23993978345202926,0.16146753546552464,0.0036817846355808024,0.573806275579809,0.16193771626297576
65,Al0.5NbTa0.8Ti1.5V0.2Zr,BCC,530.0,0.32637678488417543,0.5694990156360024,0.20833333333333331,0.4871907757241659,0.43645415571843454,0.5162596677636869,0.21191077441077436,0.5302686291653165,0.2389368663841656,0.5832709746552325,0.3724667716709498,0.5837235851078739,0.17212303887471983,0.32102291394525767,0.1954465849387036,0.6695354916549368,0.32197116065702436,0.6287441375716519,0.6430762084936065,0.006030581159015071,0.5939972714870396,0.18269896193771623
66,Al2.5CoCrCuFeNi,FCC + BCC,620.0,0.4383889111451504,0.6228000297099626,0.5648148148148148,0.09113437045786492,0.3406014228860308,0.09511543349694439,0.41059904601571273,0.6373299581859297,0.4199789018219528,0.6698275381137052,0.4416259084252122,0.5941532411835095,0.1581137130638638,0.4468552309896538,0.7956800934033857,0.22052416381795023,0.47584423847757806,0.17509119332985928,0.27637973891151396,0.0024395729855301368,0.522237380627558,0.32249134948096886
67,Al0.5CoCrCuFeNiTi1.4,FCC + BCC + Im,664.0,0.47212288565694566,0.8307943995611593,0.639694041867955,0.6162647910889198,0.40464666021297196,0.23277016134850279,0.4785185795149564,0.48096927591813127,0.479347651175753,0.5250313599088853,0.5113115883960256,0.3971030067679472,0.10609705967018042,0.327916243832164,0.733648062133557,0.6689747826669813,0.5274921444978554,0.24590102030798047,0.26267838328743076,0.002602904637494576,0.4447476125511596,0.4380622837370242
68,AlCoCuFeNiZr,FCC + BCC + Im,472.0,0.6933046097151155,0.7066950526114236,0.6527777777777777,1.0,0.4177077090920266,0.1659982378114081,0.4407617845117845,0.6533120254827449,0.4117541883459385,0.7123290234522368,0.4375362679267182,0.5454448648204236,0.14980549759126155,0.3996377794912368,0.7559836544074722,0.2768282056438099,0.8780272926312629,0.2758381101268021,0.5454976022387552,0.0006997517891783641,0.19618008185538877,0.8844290657439446
69,CoFeNiSi0.25,FCC,149.0,0.1282117241949903,0.19032949402637556,0.8076923076923079,0.05447943343376464,0.48811917350155504,0.24309524279309128,0.723800505050505,0.16807337465364994,0.7193213373549158,0.0007709185299180156,0.6354289552498955,0.16482242952466294,0.05652261796476962,0.18173909424513512,0.9827562979927257,0.4891955018639114,0.14448929404124572,0.27931214174048996,0.01703885473923253,0.004235573054599994,0.6412005457025921,0.0698961937716263
70,Al2.8CoCrCuFe,BCC,657.0,0.4508304455309125,0.4020571223958768,0.477124183006536,0.04468810045147205,0.29227644591234375,0.06277036045161871,0.33492399485046553,0.6685004475258579,0.35967923617443537,0.7290021640690718,0.3879599423289171,0.6558683813867917,0.18495156003509686,0.42222680990436745,0.7494591531884207,0.1964254030588708,0.4613138955454943,0.1536339392453176,0.26609691869657365,0.002386501489537994,0.5675306957708048,0.31557093425605537
71,CoCrCuFe,FCC,134.0,0.06166446501905341,0.2933049473885763,0.7916666666666666,0.12255592365437452,0.5014520813165537,0.25204169691805384,0.5554503367003367,0.2923275700342409,0.5873115914820577,0.3045006571627692,0.6143855867805136,0.14794255676205129,0.05893036556148079,0.09952161873841174,0.8756567425569177,0.3961391514176553,0.0,0.21156852527357986,0.19232432619998116,0.005013696658046568,1.0,0.0
72,CoFeNi,FCC,125.0,0.002255945014906797,0.0,0.8611111111111112,0.034280818410615574,0.5321839610319765,0.24652308307646825,0.764134399551066,0.0,0.7174989719108152,0.0,0.6707563071651608,0.007467525629347334,0.042829172785119884,0.003326279987961069,0.9719789842381786,0.39104497620483936,0.008127070363398319,0.27514330380406443,0.0,0.029896018510614363,0.7961800818553888,0.0034602076124567484
73,Al0.5CoCrCuFeNiTi1.2,FCC + BCC + Im,646.0,0.4591181653322718,0.8386454926281897,0.6538142620232172,0.5883423196603178,0.4119397480857364,0.22953699269080619,0.4872151238755717,0.47383041401195325,0.4888241835397384,0.5143345661558243,0.5192218464999052,0.3889004248405905,0.10337542521567906,0.3321292185665364,0.7505815929111012,0.6295788301604784,0.5152054290287393,0.24204148615961346,0.26039048021607053,0.0029432989311678533,0.4742155525238745,0.41038062283737026
74,HfNbTiVZr,BCC + lm,388.0,0.48066512332511113,0.5208099393420963,0.2222222222222223,0.28997781372321085,0.46180795648365847,0.5360668994030877,0.21769781144781153,0.31532359550822264,0.2549482379445368,0.45009257640768197,0.36126999917101893,0.4171126383047676,0.16025195146456453,0.2396205185931741,0.13134851138353765,0.7746631811783631,0.4687986343283,0.6324127149557063,0.3842693243025212,0.3089304266937431,0.8300136425648021,0.4823529411764706
75,Al0.20CoCrFeMnNi,FCC,171.0,0.26578771059328654,0.6239085887893051,0.6955128205128204,0.19610404791146072,0.4647156651028868,0.24588182612589488,0.6522112147112147,0.25213970064503727,0.6745530390866441,0.2022812737722554,0.5261734866310843,0.5399507174675015,0.13721188773356635,0.5901608007226115,0.862185100363734,0.30181596003031747,0.19289552287589895,0.19834048182146133,0.34640949315404024,0.006667507150870555,0.6534788540245566,0.06920415224913494
76,HfNbSi0.5TiVZr,BCC + lm,464.0,0.6577476091274248,0.6822280040756697,0.21717171717171727,0.6820366908487376,0.4161292079975527,0.505693650311222,0.2197065350474441,0.2975431669009259,0.2991520092844987,0.5421877997655875,0.34765461127062725,0.41717780909156343,0.16576031588783732,0.22698337894150827,0.22050628880751455,0.8557848746869459,0.5001089708341944,0.6048604860486051,0.4158043666005976,0.0028510289955761227,0.39890859481582536,0.5342560553633218
77,AlCoCrFeNb0.1Ni,BCC,569.0,0.3994148538906657,0.5870307972644611,0.6051198257080612,0.29752097321308635,0.4014107740547011,0.21172386491126385,0.5383264837921701,0.49775360355728016,0.5597622195367445,0.48326646468252116,0.5594994470749699,0.43231905937248133,0.10434709473866063,0.4674919260874344,0.8129871913739228,0.3341573910883477,0.4527873817708875,0.23713331085430536,0.3572709611454946,0.0021484295466946395,0.45811732605729877,0.2948096885813149
78,AlFeNiTiVZr,BCC,800.0,0.6441982536043519,0.7066950526114236,0.3981481481481482,0.9416716433985757,0.30538268873215624,0.256605671175029,0.3504489337822671,0.7069743645795115,0.3219081335264352,0.7654789109191155,0.38098132950159813,0.5529239175225027,0.17022181003168713,0.35265866419017305,0.5283129013426737,0.540652858770695,0.7269699712571821,0.35504603091888126,0.47004591267599133,0.00036505752065335865,0.0010914051841746015,0.8110726643598616
79,AlLiMg0.5ScTi1.5,FCC + HCP,591.0,0.35252377672171104,0.46746241303638436,0.0,0.6494901584375643,0.0,0.0,0.0,0.7465957251974753,0.0,0.7986261919792852,0.0,1.0,1.0,1.0,0.0,0.5444600844560628,0.4072290386458629,0.07087024491922865,1.0,0.04043578250111808,0.8469304229195089,0.24013840830449823
80,HfMo0.25NbTaTiZr,BCC,395.0,0.3576429388747707,0.6378580198444882,0.23280423280423285,0.1717118302848352,0.65506757720836,0.6660055354086662,0.3314844877344877,0.6967279008248544,0.3514736796397472,0.6990994183450877,0.43995741931578797,0.610534658291909,0.14256456118269242,0.31261280968122,0.07714118922525204,0.6704585715243266,0.31542897751848525,0.7504900866026452,0.41263912366508915,0.046251660407456506,0.8665757162346521,0.2678200692041522
81,Al1.8CoCrCuFeNi,FCC + BCC,650.0,0.4136819841270531,0.6756728897622105,0.6200980392156863,0.10515606858877966,0.37633717572217656,0.12627909343785074,0.45081946920182225,0.5806971373723128,0.4596615667132594,0.6084021752186941,0.4804482350015363,0.5277140996286922,0.1368184649236463,0.44907501570760266,0.8189966003914699,0.25237458747826497,0.4553206327501002,0.18581982037213005,0.26654026670577374,0.0035515409388043816,0.5735334242837654,0.2837370242214533
82,Ti0.5NbMoTaW,BCC,481.2,0.16397407181202672,0.4919117777352281,0.3518518518518518,0.08383802749752638,0.9067031351639289,0.9267868123757034,0.9096871492704824,0.7827697989929966,0.9068759796646938,0.7537281397451282,0.9162575491017835,0.4996692680910092,0.02191909043288592,0.37035172885191464,0.2325355127456699,0.22097102129275864,0.10734740398259508,0.9305772682531411,0.38911513207031406,0.0123363953771009,0.6657571623465212,0.08996539792387542
83,Al0.75CoFeNi,FCC + BCC,385.0,0.39092152503946925,0.28616598143123534,0.6944444444444443,0.046156700449236594,0.42443799074970423,0.15569501384680262,0.6152847923681257,0.4564119382363775,0.5808972089613617,0.4891269469558971,0.5495039929260274,0.43509708779837264,0.1072597057990056,0.46270766750906017,0.8914185639229425,0.295059990615993,0.4502549626195074,0.23428869202709732,0.21820820752093828,0.0016769633497661566,0.4976807639836289,0.2754325259515571
84,AlCoCrFeNb0.5Ni,BCC + Im,747.0,0.4307710247269928,0.6822280040756697,0.5833333333333334,0.594334841701198,0.41110035495321073,0.25302655495423854,0.5135541016222837,0.5178352170213354,0.5524764352206286,0.4709328797855871,0.5628882709210987,0.411494872926986,0.10087543648869875,0.4570155385563362,0.7697818818659455,0.3029815549421421,0.5151976783436795,0.28840778814723594,0.6107738352867302,0.0017955299090378,0.3759890859481582,0.4235294117647059
85,Al0.4Hf0.6NbTaTiZr,BCC,500.0,0.33035437230848114,0.6580431356283433,0.21111111111111105,0.4485043256433805,0.5753929839118611,0.588011755652843,0.25018939393939393,0.5410824828993608,0.27645765166550457,0.563650492538188,0.3871121058885299,0.5830198790517755,0.16550738078676872,0.32318178123076247,0.12784588441330996,0.6013754273074602,0.30772733916188877,0.6978634705575822,0.572533275493607,0.009849480947266554,0.654843110504775,0.20276816608996537
86,AlCoCrFe1.5Mo0.5Ni,BCC + Im,635.0,0.37787489652029177,0.662238780689997,0.6064814814814814,0.38174395649215065,0.4285406966917132,0.260953175924678,0.6332246071829406,0.54574097721212,0.6390512971803535,0.5415486843078178,0.6127276244162592,0.4745243778133587,0.09029548908983175,0.4774500883621597,0.7895504962054872,0.3079294858904752,0.42623892654487583,0.2727114816744832,0.4742754652163068,0.003539027069922876,0.5347885402455662,0.3384083044982699
87,CoCrFeNi,FCC,114.5,0.0,0.2933049473885763,0.7569444444444444,0.1951454758191791,0.5000691467293598,0.3023613472047718,0.6764520202020202,0.1959814606668111,0.6935847234887087,0.04591615590074396,0.6820857166542321,0.0,0.04038179148311304,0.0,0.8887915936952716,0.45063342047054095,0.02933856536631717,0.2610734757686295,0.041139400113746484,0.010211165298201763,0.7225102319236015,0.010380622837370243
88,TiNbMoTaW,BCC,507.5,0.17314019771623204,0.5208099393420963,0.33333333333333337,0.07933960717320089,0.832065643295072,0.8682162622762666,0.8374368686868688,0.8396461899216975,0.8323767633964492,0.8277202609172208,0.8492635883832105,0.5823833617965238,0.039454362779194674,0.4081475414708383,0.2259194395796845,0.39774783832696564,0.0999877940023546,0.8750390828556541,0.47855638610874923,0.013721831575492723,0.6829467939972714,0.0809688581314879
89,Al0.5BCoCrCuFeNi,,736.0,1.0,0.8426633887446128,0.6474358974358975,0.9731799768909863,0.3889024818356861,0.2601324450600809,0.5579594017094017,0.36873568838885207,0.42193192742996954,0.8564435565512678,0.589601175027686,0.2768476282679993,0.07736003852396155,0.33531364052841894,0.9490771925097674,0.8538105771164287,0.4711095515137154,0.26872970697879506,0.41498652680351605,0.003571113214379936,0.5077762619372442,0.2145328719723183
90,Hf0.5Mo0.5NbSi0.5TiZr,BCC + Im,524.0,0.6443066584555025,0.6489551227599891,0.2283950617283951,0.7233464354477204,0.410690596557005,0.5367794071259466,0.3099396745230079,0.9290107405179735,0.4062412463420884,0.8912636832941587,0.4008154718591591,0.7336708643453238,0.16356665035079132,0.293836802598212,0.2344814166180185,0.8506825747927699,0.42204445632159426,0.6433906548549592,0.43478705033221743,0.0021597694183452297,0.3132332878581173,0.413840830449827
91,Cu26.6Mn26.6Ni26.6Zn20,FCC,109.0,0.28891832754093866,0.28628302696257224,0.9816299265197062,0.14184760352854894,0.4945217037125928,0.027553971069647062,0.5111065987193241,0.4462370505721591,0.4855048293228627,0.5146703984521387,0.295280439017802,0.8005125066831675,0.2627362306342339,0.46504481007496584,0.865566509551502,0.04953277558535527,0.28683727353918553,0.02343404892118785,0.88144485703923,0.0057623228131530755,0.7045020463847204,0.1626297577854671
92,CrNbTiZr,BCC + Im,418.0,0.6060751465883487,0.2933049473885763,0.27083333333333337,0.5932619958734084,0.36108422071636015,0.5079168061491107,0.20165193602693604,0.37516040239016213,0.3093922651933701,0.6307223483532697,0.42358175136091086,0.5158182938080876,0.14510394930056422,0.3180238494001819,0.27145359019264426,0.7566861049668209,0.6069301684059276,0.5508077123501823,0.5980297397832366,0.009208916641552803,0.6903137789904501,0.7162629757785466
93,AlCrFeNiMo0.5Ti0.4,BCC + Im,731.9,0.45400444854704036,0.6485853292529544,0.5068027210884354,0.5259777133746217,0.3752945791786497,0.2696935089003624,0.5653280251494536,0.6767084694271516,0.5777262790542381,0.6785743949364216,0.5620075104567235,0.590324486307839,0.11418965916995127,0.4784363367961833,0.689981772043318,0.3866183513421455,0.4797522359787651,0.28139656070870234,0.5297137821493026,0.0018717800479503023,0.38717598908594814,0.45121107266435984
94,CoCrFeMnNiV0.5,FCC,186.0,0.2147858865081953,0.6822280040756697,0.6843434343434343,0.38162833014794423,0.46666918109318883,0.28288403189171396,0.6448863636363635,0.2247666930638287,0.6625591862409971,0.18937631022326998,0.5460574408597291,0.47673940975718293,0.12269108895586991,0.5848216557716287,0.8334660085973574,0.3143608211615451,0.12158646114384751,0.22777014543559612,0.38976925450526395,0.007385653693723418,0.6559345156889496,0.051211072664359855
95,Al0.5CoCrCuFeNiV1.0,FCC + BCC + Im,639.0,0.2667681354642729,0.8426633887446128,0.6901709401709402,0.45883053044970085,0.4408157186472773,0.24617026634486208,0.5166812354312355,0.41611706174791646,0.5180703006696677,0.4452548157343873,0.5759123575587143,0.27897853566634356,0.08068926976879681,0.32643650719117534,0.8089721137006605,0.32541879998143824,0.3008857663818628,0.252695714915621,0.3274528394931095,0.008845448655946057,0.6728512960436562,0.14740484429065742
96,Al0.375CoCrFeNi,FCC,163.5,0.2698021265375269,0.47038290156454876,0.6944444444444444,0.17866977168884665,0.45664500069146735,0.2586488948953462,0.620174963924964,0.347145270497471,0.6370909035179807,0.30897911579935927,0.6291493468812545,0.2580956973102982,0.06820465260066462,0.3705586520682981,0.8613960470352767,0.4043894171382608,0.30078576496306936,0.24477034169582368,0.14236289554107587,0.004388572711453575,0.6043656207366985,0.1301038062283737
97,Cu30Mn30Ni30Al10,FCC + Im,241.0,0.2924357386427623,0.21942834990267604,0.8194444444444446,0.15219539776113758,0.4653113907712165,0.08659903398444466,0.5460858585858586,0.42732973414830444,0.522474923563804,0.48116941416896697,0.33971648843571267,0.71393063406541,0.22505603215086173,0.476006056868415,0.9106830122591949,0.03606917353710035,0.3093902421413737,0.11339239187076595,0.414151969336999,0.0037976354287314893,0.6545702592087312,0.13494809688581313
98,AlCoCrFeMo0.5Ni2,FCC + BCC + Im,395.0,0.3641257526588266,0.6252187571718669,0.6581196581196581,0.40254096167134656,0.4463474569960534,0.25465960542715743,0.6503091815591816,0.5199989866609247,0.6428851414636964,0.5172793251389248,0.6264589537407246,0.4471863481599088,0.08458328131409518,0.47377708230163873,0.8197494274552075,0.3086513325805504,0.43523133554943944,0.2765863630897503,0.4520029919886293,0.003009299980219531,0.5088676671214188,0.34463667820069205
99,CoCrCuFeNiTiVZr,,680.0,0.642799253079745,1.0,0.6006944444444444,0.9204180521007199,0.4218180980039644,0.3107588243477655,0.44299768518518523,0.51317522404985,0.43829453414150094,0.5780675263838346,0.5104175301887315,0.37806313883755793,0.10409421129917307,0.30193812841204143,0.650175131348511,0.5814397747838327,0.7969468107506462,0.3311620635747785,0.4214825857258437,0.0027909481791812485,0.3978171896316507,0.7681660899653978
100,Al1.5CoCrCuFe,FCC + BCC,510.0,0.41557149014814593,0.5052402433229455,0.5833333333333334,0.07339978719404641,0.36290717994493416,0.12668016237535012,0.40938743495561686,0.5702796766634337,0.43654210939519095,0.6197020350884531,0.4644153547411444,0.5358495184220377,0.14239894891413554,0.439114693461196,0.7920713262219393,0.26386121419300584,0.43667392662362875,0.17319626699512053,0.2560101532161447,0.005333933187547746,0.6572987721691679,0.25951557093425603
101,AlCrCuFeNi0.8,FCC + BCC,486.0,0.3815409510494336,0.5171075593168238,0.6527777777777779,0.10030988641862477,0.3937368429139969,0.15290907845941817,0.4508890993265994,0.5397769592294029,0.4701988235083767,0.5653127954848927,0.4903147365221478,0.460694361455623,0.12486474998067863,0.4203680934779691,0.819468768242849,0.23191902942556475,0.4059761692786131,0.18117074865381277,0.25106088048134595,0.007905708501329009,0.6987721691678036,0.2200692041522491
102,Al0.5CoCrCuFeNiV1.6,BCC,594.0,0.2612688414238227,0.820101321226781,0.6576682316118936,0.5284807159017901,0.42872140880130744,0.2652127610653641,0.49995109546165895,0.4169209158720926,0.4985090503326779,0.4542938145079512,0.5745867061775446,0.2634501317803366,0.0796668876385292,0.31159082515924047,0.7768678621642293,0.3218789916251986,0.29623323583005867,0.2711506139494601,0.34987496448515026,0.00709269979181807,0.6401091405184175,0.15155709342560553
103,CrMo0.5NbTa0.5TiZr,BCC + Im,540.0,0.5539306852950255,0.6621489498643811,0.29166666666666674,0.5285974222488993,0.4830129534873001,0.5994861249385914,0.36237373737373746,0.8353581178127292,0.4315560800300381,0.8118807087327712,0.5330901655199095,0.6085578554103478,0.11550351650050239,0.38190419226770794,0.2591943957968472,0.598511964608888,0.5500230443118285,0.6244919228764982,0.5981858541628631,0.013593951799017881,0.6957708049113234,0.6380622837370242
104,AlCo1.5CrFeMo0.5Ni,BCC + Im,741.0,0.37482815166800865,0.6622387806899974,0.6180555555555556,0.4008828166064721,0.43614683692128026,0.25900585608889765,0.6301557239057239,0.5460289965206052,0.6355870836238803,0.5419961358701698,0.6233662162535578,0.47124653414912304,0.08797691733003583,0.48578448256165,0.7953882078225335,0.337086936121724,0.4359844403300994,0.2746221990620114,0.47299691660346344,0.00326485764947405,0.5184174624829468,0.3494809688581315
105,Al2.8CoCrCuFeNi,BCC,650.0,0.4446367034054738,0.5973562400980634,0.5441595441595442,0.08566199062393944,0.3272496031450534,0.08347186824429816,0.39557163515496857,0.6570388397429339,0.4051524116427834,0.6911055760390281,0.4271208633307615,0.6168953254262379,0.16607017940196706,0.443075647407771,0.7869684314517946,0.20862400552728327,0.47978408986338184,0.17108269531406584,0.27903854965016417,0.0021518002641786977,0.5072305593451568,0.33356401384083045
106,CoFeMoNiTiVZr,,790.0,0.6402956992690357,0.8638586765081667,0.5238095238095236,0.9378041736896906,0.4407346675359398,0.407380758813479,0.5990410052910052,0.6927488323193959,0.5580493636064091,0.7720845650488601,0.5880160901299922,0.5549371755231622,0.09415057467457187,0.37772427243160256,0.556667500625469,0.5643618396483869,0.7643694046367976,0.4463634333358146,0.44394881051094126,0.0018551649317355332,0.2624829467939972,0.9370242214532872
107,MoNbTaVW,BCC,536.0,0.19896006596132107,0.5208099393420963,0.36111111111111116,0.13320820360915553,0.8595399437606602,0.8943012907741602,0.8637415824915826,0.7869516453271324,0.8573191010030573,0.7698935610412952,0.9120450965763081,0.42961707991063647,0.013718216245459477,0.22511276763042073,0.2784588441330996,0.05670621355318721,0.2054581049254575,0.8942157373632103,0.41357069033583077,0.015611332313145546,0.6965893587994543,0.1681660899653979
108,Al2CoCrCuFeNi,FCC + BCC,560.0,0.42256945853369104,0.6619458043334745,0.6031746031746031,0.10095575010189971,0.36539765954784625,0.11673919753757332,0.43850709475709465,0.5986412461541312,0.4475138121546961,0.6279140853716869,0.4685638493149063,0.5489482985981587,0.14333741843595774,0.44978959874172264,0.8118588941706278,0.24262445778633188,0.46328481828873475,0.18253554678776154,0.2699751395481984,0.0031455496427430876,0.556343792633015,0.2975778546712803
109,AlCrFeNiMo0.8,BCC + Im,854.0,0.40306919918317463,0.5171075593168238,0.53125,0.4847592356533593,0.4125601192396934,0.3005408295908564,0.6481744528619529,0.6682789320764103,0.6582162205653596,0.6570675385249185,0.6264058139213574,0.5826314917822714,0.09832998428523591,0.5228819260040927,0.7107413893753651,0.22907031302366107,0.43896497212983615,0.30510682647212106,0.6219024403343447,0.0030315669562923585,0.5159618008185538,0.4214532871972318
110,CoCuFeMnNiSn0.03,FCC,192.0,0.24944623013774014,0.5482315683296988,0.8569692953390767,0.14279400491869612,0.5163426851420861,0.17097091604889658,0.6553747799398891,0.24360915369400668,0.6320766598179521,0.28233976354306994,0.48471403198153373,0.5218539148637891,0.14407065605439928,0.5446481240098479,0.9439161876377459,0.2040577768058849,0.2508472268087003,0.17705958102349936,0.3806588318363584,0.023140396157237366,0.8742155525238745,0.08304498269896193
111,Al0.7Co0.3CrFeNi,FCC + BCC + B2,624.0,0.3708216650295005,0.44900592698802716,0.611111111111111,0.1629246054501155,0.40068224772968253,0.22298188829521298,0.5532670454545455,0.4735711944575641,0.577421820522448,0.4536211619201598,0.5668020669264142,0.4013802420837489,0.09874217482031065,0.4532401392277906,0.8183012259194394,0.32732756887190834,0.40147637454779705,0.22459614382490886,0.19798219916099868,0.0024462373687417767,0.5099590723055935,0.22491349480968856
112,CoCrFeMo0.5Ni,FCC + Im,210.0,0.18013472153690532,0.4919117777352281,0.7222222222222222,0.4716489677868925,0.5206082863391673,0.3641472393586367,0.7553661616161615,0.343881269838146,0.7621985016717623,0.2851933419434094,0.736460741600425,0.18994140028462272,0.03269615546453014,0.07396072170402673,0.8260361938120258,0.40078646915566285,0.2657913012598866,0.3193793063516877,0.4364941752335992,0.010846935494101278,0.7075034106412006,0.23460207612456743
113,Al3.0CoCrCuFe,BCC,644.0,0.452237491290961,0.3838221802934791,0.46428571428571425,0.04099445101820766,0.28373866487543714,0.05504499977951933,0.32592291967291964,0.6787418425222121,0.3503881196312671,0.7404289876119852,0.37871807929007634,0.6682075188260974,0.19009528225850977,0.417724201089473,0.7443082311733801,0.18827382149320615,0.46091638910260596,0.1512692622645723,0.2663324112229933,0.0022075994061023364,0.5607094133697135,0.3190311418685121
114,Al0.75CoCrFeNi,FCC + BCC,334.0,0.35453658484641154,0.5148254020278175,0.641812865497076,0.16402115719365584,0.420077298764821,0.2218384087400404,0.5727837586390216,0.44270828058162104,0.5895171603847359,0.42826229138051586,0.5845713512829576,0.3791265550732571,0.09163443038386603,0.448949943774965,0.8383261130058071,0.3654470985426566,0.39437069630634103,0.2310413866871451,0.19093021508425717,0.002777681541115366,0.5230559345156889,0.21384083044982696
115,Al0.5CoCrCuFeNiTi2,FCC + BCC + Im,696.0,0.4987740553512598,0.7928610340426591,0.6018518518518517,0.6731331354340491,0.38510118471396304,0.241435053351129,0.4552118406285073,0.49804039559077307,0.45395054444027244,0.5511192805809516,0.49011209667762773,0.4165502856450571,0.11339104000824382,0.3155050694453403,0.6882661996497372,0.7745559353844091,0.5496872055581715,0.2562445718256037,0.26627267768223406,0.0019599034185032727,0.3770804911323329,0.5003460207612457
116,Al0.2Co1.5CrFeNi1.5Ti,FCC + Im,717.0,0.4376745004571476,0.593030396845331,0.6662186379928315,0.608170171128,0.43911593304217356,0.2813087307572077,0.5907835071141522,0.3829360911248207,0.5886201341678012,0.39052343871518547,0.5961123456691082,0.2984576834972535,0.07522269507789649,0.3012707978897893,0.7810293203773799,0.6817978373539694,0.5072895303629485,0.2771268637899442,0.1375671625778741,0.0016899940895796527,0.3708049113233288,0.4027681660899654
117,AlCrFeNiMo0.5Ti0.75,BCC + Im,766.2,0.4765415522151145,0.6797587266142846,0.484126984126984,0.5841095546077764,0.36096348833176384,0.27445269573242714,0.5401184463684464,0.692448176182006,0.5500034482494385,0.7045758947429235,0.5409615392206788,0.6041017159915972,0.11972846948501945,0.45652661482625667,0.6550746393128177,0.4934264073616577,0.49582115205924915,0.2876498176133402,0.5109622461540198,0.0015036886379077756,0.32087312414733965,0.49065743944636675
118,NbTiVZr,BCC,335.0,0.4745493893476249,0.2933049473885763,0.23611111111111113,0.2673719547547657,0.3345779744618079,0.5083243847193903,0.1779776936026936,0.2926031877155754,0.22558064689159474,0.4967322352840525,0.38461963580093406,0.441640045902461,0.1539918077131154,0.2779201662439187,0.2189141856392295,0.6702191835913935,0.4802767180963428,0.6138613861386139,0.43302370001938556,0.4738355196570042,0.8215552523874489,0.3923875432525951
119,Al0.5CoCrCuFeNiV0.4,FCC + BCC,231.0,0.2714719577587696,0.8127844391208779,0.7292843691148775,0.323860149624354,0.45536988812293583,0.22325472185069892,0.5368141157336073,0.412288060680289,0.5416101103972318,0.43060696668343756,0.5775076329496135,0.29671263234093026,0.08191959402725435,0.34320267164392015,0.847606043515688,0.3296785693592859,0.3026397200386026,0.23048727709523847,0.28171378751208326,0.01340574128585226,0.7236016371077763,0.13702422145328721
120,AlCoCrFeMo0.5Ni1.5,FCC + BCC + Im,586.0,0.37482815166800876,0.6622387806899972,0.6296296296296297,0.4066131064690292,0.4364541557184345,0.25719439577654396,0.6371703142536477,0.5460676224437485,0.6369280695167086,0.5417358329374935,0.6208792727071764,0.47123343322590655,0.08849215549887932,0.48374499768176205,0.8012259194395797,0.3100744017695556,0.43906631774513005,0.27549070696543326,0.4726504466321784,0.0030838174775234565,0.5066848567530696,0.3550173010380622
121,Al2.3CoCrCuFeNi,FCC + BCC,600.0,0.4329947285362896,0.6390904790684501,0.5795281582952816,0.09495243012934276,0.3501123081809738,0.10340947997828145,0.42130350306720177,0.6228118977004651,0.43054023729204605,0.6541228606395725,0.45195826931440997,0.5772791269984122,0.15244609320658475,0.44865826988420543,0.8018856608209588,0.22900098890171305,0.4718726271579879,0.17794656177946552,0.2741487512472066,0.0026817052394105477,0.5345156889495224,0.3134948096885813
122,CoFeMoNi1.4V,FCC + Im,538.0,0.2394030591246566,0.5103366570046753,0.691358024691358,0.7247323203943925,0.5194814507496017,0.3998531348488089,0.8001815999501185,0.41661694493346696,0.7473979907064711,0.4752026760060993,0.7446891474082057,0.27691715626164604,0.03395562654392549,0.12051947913546256,0.7566322890315884,0.2917234548040902,0.3531165213667328,0.4070793044216704,0.47069655599628113,0.004673002552960094,0.5781718963165074,0.3847750865051903
123,Al0.5CoCrFeMo0.5Ni,FCC + Im,425.0,0.3230065737108376,0.6621489498643811,0.6527777777777778,0.43731038166671493,0.46789286866731217,0.30697078911558706,0.681818181818182,0.4813781516549928,0.6894276672209408,0.4592662820320661,0.669264141037332,0.38249554409574643,0.065924723703532,0.42591100286287553,0.8003502626970237,0.3518198270661572,0.38827448960456434,0.2945284002084419,0.473138521282133,0.004887683664779606,0.5860845839017734,0.31487889273356406
124,Ti0.25NbMoTaW,BCC,478.3,0.15616771220336775,0.43825509901240284,0.36274509803921573,0.08544240305897108,0.9506075421456095,0.9612400771400783,0.9521873143196671,0.7474423505751315,0.950699048057779,0.7075166361960455,0.9556657612891796,0.44499236526434016,0.011604224346821958,0.32223407002351334,0.2364273204903679,0.11698465833146042,0.11126829322196896,0.9632467890751921,0.322006150351684,0.011346522198296141,0.6556616643929059,0.09550173010380623
125,Al0.5B0.2CoCrCuFeNi,,415.0,0.5394222861823061,0.7739652684710511,0.7344054580896685,0.4445286779330396,0.44906231373852507,0.2177284913113591,0.5538812835961958,0.39872377834733463,0.528631695636667,0.5326966330495195,0.5812360351817675,0.30269172542794465,0.08162796278895706,0.3514112790592634,0.8942452453375119,0.45180818525299776,0.347972661546412,0.22570234862821453,0.29049215042887305,0.01058961495570659,0.703137789904502,0.14948096885813145
126,AlCuFeNiTi,FCC,516.0,0.4861201102762113,0.5208099393420963,0.6111111111111112,0.6010986679230184,0.35191075462130655,0.13000343452875232,0.41992845117845123,0.6144145735461158,0.38797403851311485,0.6621094359354577,0.4044875514659151,0.4906746766163757,0.15422366488909506,0.3511217073283122,0.7338003502626979,0.5061733360144781,0.5330202137986444,0.21677957269411147,0.3351361193102661,0.0008801933217542242,0.32578444747612545,0.46366782006920415
127,CoCuFeMnNiSn0.10,FCC + Im,253.0,0.3289840665280058,0.5870307972644611,0.8474945533769064,0.17539294563016336,0.5149741083913398,0.16257926630657416,0.6456703472634847,0.27389389008795095,0.6284943200044594,0.2861199297923046,0.48188947025935214,0.5222318883350023,0.14453567190845742,0.5397663786355111,0.9438206105559569,0.19896618208916383,0.48334576942103263,0.17488683852905423,0.38344667909995034,0.024176409404774786,0.8728512960436562,0.2366782006920415
128,Al0.10CoCrFeMnNi,FCC,180.0,0.24103658751720677,0.5870307972644611,0.7086056644880177,0.20009694672034053,0.47395608775940207,0.25477396512977274,0.6646097412028785,0.214758131249931,0.6871032916733716,0.14302947257588677,0.5352260111538607,0.52332117740977,0.13274581028021382,0.5954234636349425,0.867930359534357,0.30947666418266484,0.13487386568638135,0.20083989823130938,0.34455110688264534,0.00812080786069594,0.6813096862210095,0.04429065743944636
129,CrHfNbTiZr,BCC + lm,464.0,0.5987099988174016,0.5208099393420963,0.24999999999999997,0.5826169441811816,0.4830129534873001,0.5357408365468641,0.23663720538720542,0.3571908181279044,0.3219975325859572,0.5537058652417038,0.3924396916190004,0.4973999999727843,0.15314166473452354,0.2744653920135879,0.17338003502626975,0.843836718278705,0.5782579671612474,0.581969775924961,0.53315928187557,0.014376424544672825,0.7173260572987722,0.8387543252595155
130,Ti0.75NbMoTaW,BCC,495.6,0.16939899386706667,0.5148254020278175,0.3421052631578948,0.08175414048810176,0.8674202447066357,0.8959602070602105,0.8716606858054227,0.8132211367347791,0.8676658658393017,0.7933663623496974,0.8809975697762187,0.5446422790193403,0.03114818114146949,0.39531029913153465,0.22905336897409878,0.3140114513107623,0.10358669983333565,0.9013466443597267,0.4392901587529025,0.013092449488578337,0.6747612551159617,0.08581314878892733
131,Al0.5B0.6CoCrCuFeNi,,505.0,0.8223577212369049,0.8327004583044225,0.6880692167577415,0.7703384730719274,0.41700994428209465,0.24032076175125186,0.5560540514433958,0.3829540491121681,0.47178345847736103,0.7124758682620487,0.5856928719849209,0.2891215678246508,0.07935406871334472,0.3431802509953062,0.9234589876833859,0.6659897874753175,0.4191890924743715,0.24862676086417967,0.370077556691303,0.005199189878315317,0.5918144611186903,0.18685121107266434
132,Al3CoCrFeNi,BCC,506.0,0.4704080557942682,0.3838221802934791,0.4444444444444445,0.10101441858290479,0.28294841653989766,0.08379908565764387,0.3950667388167388,0.7074465823741684,0.4111156236350679,0.7320585810015812,0.4174038677893441,0.6813337524619683,0.17949609707087105,0.45596017336232914,0.7518138603952964,0.21941340380914073,0.49189440593748773,0.1795578054046005,0.28163779908375186,0.00076307720269764,0.3691678035470668,0.38200692041522494
133,Cu25Mn25Ni25Zn25,FCC,147.0,0.29829389225741154,0.2933049473885763,1.0,0.13340132902590746,0.488775180933942,0.004849369829186471,0.4879787457912459,0.47409465043171556,0.4629351499222228,0.5449081092776117,0.27671391859404804,0.8262541275568531,0.27591003941572,0.4500337341171,0.8450087565674258,0.04942891614719484,0.30792097244238253,0.0,0.9649293926261451,0.0046537938335424155,0.6862210095497954,0.186159169550173
134,Al0.56CoCrFeMnNi,FCC + BCC,278.0,0.3284055811413072,0.6885855031892045,0.6522781774580335,0.18263362371811442,0.4342023269781354,0.21651857574618427,0.6112693178790299,0.3534323179659485,0.6331101186743572,0.33705106789146483,0.49628061788321165,0.5919138868876074,0.1519595823457163,0.5709218465376438,0.8432133452607439,0.2765191024337176,0.31303124391121145,0.19008701324505783,0.35137899268866063,0.004058287595031554,0.5705320600272851,0.144636678200692
135,Al0.49CoCrFeMnNi,FCC + BCC,220.0,0.31858846367209265,0.6810407786872822,0.6602408419348309,0.18514865250913728,0.4398220674544608,0.22192650083129586,0.6188097198456944,0.3365603507443023,0.640742795779231,0.3159395036385849,0.5017860845014193,0.5826662456573698,0.14924345158330857,0.574662051868235,0.8467074349477958,0.2811781067674367,0.29584220429147795,0.19160708132935797,0.3505993156186284,0.004391295433246156,0.5847203274215552,0.1314878892733564
136,AlCrFeNiMo0.2,BCC,549.0,0.41747656431015145,0.42118659893637367,0.5436507936507937,0.2875491627566529,0.37365136438570273,0.2208417514481848,0.5426737614237613,0.6125416042723875,0.5649458624838124,0.60078733627852,0.5485407957429842,0.5359290824118909,0.11648982956657425,0.48801760725992593,0.7659911600366942,0.26150737793609297,0.44510325056672534,0.23643266582297323,0.4209817047047142,0.0019832866209673347,0.4742155525238745,0.32941176470588235
137,AlCoCrFe0.5Mo0.5Ni,BCC + Im,755.0,0.39398869228039907,0.6621489498643813,0.5833333333333334,0.43731038166671493,0.42022772322869145,0.2592743145071886,0.6077441077441078,0.6115239867991237,0.6188918092581667,0.602732148425556,0.6161540799690515,0.5264415244564228,0.09649122807017546,0.5114799822563836,0.7670753064798606,0.3163482807158656,0.45662593395915596,0.2759770713913496,0.5210014872861735,0.0027076717541877687,0.476944065484311,0.3916955017301038
138,Al2.0CoCrCuFe,FCC + BCC,567.0,0.4364749839885154,0.4711300350742825,0.537037037037037,0.06125964888751456,0.3321194240845742,0.0988220435880825,0.376929012345679,0.6159701886338581,0.4030377800425538,0.6705213354018151,0.4310886365101735,0.5921135690352579,0.1609475229925033,0.43690971483931995,0.7734967892586105,0.23446611703197265,0.45410353463054914,0.1646690984887961,0.26216495145147267,0.0035934222654734537,0.6111869031377899,0.28996539792387543
139,Al2.5CoCrFeNi,BCC,487.0,0.4650307386467813,0.4289945214033709,0.4764957264957265,0.11229298078152186,0.30521720937984265,0.10621572786760573,0.4239267676767677,0.6715110324448645,0.4400868133636466,0.6918106491677103,0.44455072408317886,0.6422577463844941,0.16522796316443428,0.4688795074624599,0.7658628586824735,0.24312827731287417,0.4922149738165107,0.1879183869803984,0.2737574755076016,0.0009378378353423268,0.3781718963165075,0.370242214532872
140,AlCrFeNi,BCC,472.0,0.42192535236905643,0.2933049473885763,0.5486111111111112,0.1429664865013025,0.35808786244410656,0.18896212019111625,0.500473484848485,0.5580588653175053,0.5276377192511935,0.549946195427063,0.5173947884716351,0.4951735595146881,0.12375376767910966,0.4727612764640597,0.7880910683012258,0.27448220390106576,0.44430512345965545,0.20896300156331424,0.22899710105999105,0.0014589331537223878,0.45757162346521146,0.2823529411764706
141,CoCrFeMnNi,FCC,160.0,0.2109052687851966,0.5208099393420963,0.7222222222222222,0.20420915481257415,0.48356612732217774,0.26402178969380535,0.6775042087542089,0.16975284006651054,0.700155554363568,0.04125074065309282,0.5446406366575481,0.5055443024725952,0.12810108972872716,0.600580889997079,0.8739054290718045,0.317443796501106,0.04208976294241457,0.20343929129755092,0.3424453250485562,0.010290564541070982,0.7113233287858117,0.017301038062283735
142,Al0.25CoFeNi,FCC,138.0,0.2577012267974262,0.19032949402637556,0.797008547008547,0.041190259909546875,0.49074320323110265,0.2115892102958277,0.7068845506345507,0.2604892605859934,0.6649598323148719,0.2883548813626844,0.624120801688571,0.24049295320801223,0.06761014702122982,0.3486019186305057,0.9409942071938573,0.35412767405528317,0.2970427618844657,0.25942999158215424,0.1295558740792603,0.004798499174905874,0.6633015006821282,0.1245674740484429
143,Al0.5CoCrCuFe,FCC,207.0,0.2987318899519386,0.4919117777352281,0.70679012345679,0.10346991416041959,0.4450078622392273,0.2009684791413967,0.4959432285821174,0.42440776709504635,0.5258869876688896,0.45649464134219386,0.5532866033570669,0.3476785587784619,0.09293608470515495,0.37039637302551576,0.8416034247908151,0.3422481399557611,0.3110179833358848,0.19593538301198524,0.22606206938141243,0.1338624417776007,0.8335607094133697,0.12941176470588234
144,Al2.3CoCrCuFe,FCC + BCC,603.0,0.44388946987443295,0.4464175692302523,0.5127865961199295,0.05467746797503011,0.3159925043481952,0.08422969565189489,0.3599269814547592,0.6381448613004591,0.3854878932387917,0.6951903123552057,0.41363178410347434,0.6191314678949287,0.17066344274783882,0.43233977238822946,0.763767269896867,0.21906868518571718,0.45891691995568307,0.16020248641405488,0.2643106826832609,0.00301401043658022,0.591268758526603,0.3024221453287197
145,Al0.25MoNbTiV,BCC,460.0,0.25867884909552763,0.43825509901240284,0.2892156862745099,0.2596208231745459,0.3943424417201538,0.5644126303707987,0.49299985145573383,0.9208094410874047,0.5241866526152379,0.8839756512252815,0.6118173705692176,0.6083039430802009,0.09057205075399047,0.3880205964050244,0.30132893787988035,0.507659005689547,0.21232186512374684,0.6098764675229132,0.5305945622451922,0.008550900270616646,0.659481582537517,0.13840830449826988
146,Al1.5CoCrFeMo0.5Ni,BCC + Im,655.0,0.420244389490444,0.6622387806899974,0.5486111111111112,0.38174395649215065,0.38881974215952914,0.2212061137510125,0.571496212121212,0.647502055601066,0.5802714155447084,0.6508406098137229,0.5684692401926922,0.5821633974888905,0.11576757606203468,0.5102304986195143,0.7618213660245184,0.2783698639318989,0.46562399124523274,0.257252040993573,0.5105448464842373,0.002354606335812617,0.4592087312414734,0.3916955017301038
147,CoCuFeMnNi,FCC,208.0,0.20475018511302923,0.5208099393420963,0.8611111111111112,0.12713113735701123,0.5169409486931269,0.17463926579339795,0.6596170033670035,0.22945842128699223,0.6336426540792791,0.2806473624054302,0.4859487689629447,0.5216662638131434,0.14386737769533972,0.5467769768719959,0.9439579684763579,0.20628353106776592,0.03597632628878737,0.1780093798853571,0.37940295604074403,0.022573246114481738,0.8747612551159619,0.01453287197231834
148,NbTaVW,BCC,492.0,0.21596834821336502,0.2933049473885763,0.3402777777777778,0.13185806087019414,0.9031945788964181,0.9032680193203111,0.7330071548821548,0.9015909929372731,0.7438716944697742,0.869532810128214,0.8471911354278925,0.4784236693555975,0.024345003477857664,0.20838511460630527,0.2670753064798598,0.07038005228232455,0.22989341576742522,0.9213131839499741,0.4469932613419978,0.013491570868367421,0.6979536152796726,0.19100346020761244
149,AlCoCrFeNi,BCC,458.0,0.388713475899379,0.5208099393420963,0.6111111111111113,0.15511395829741476,0.3987461393076109,0.2003656251494454,0.5451388888888891,0.49175889583815846,0.5617658102236764,0.48646479414486554,0.5585675205172844,0.43793871349897184,0.10530180075740016,0.47016561190101414,0.824868651488617,0.3427307460285542,0.42959525831905815,0.22303282959874934,0.21275650135964233,0.002219882868432483,0.4834924965893588,0.25536332179930793
150,AlCrFeNiMo0.5Ti0.6,BCC + Im,756.1,0.46818680862952416,0.6715552041139102,0.4934640522875818,0.5625343954233567,0.36686452573930517,0.27249303056628305,0.550498861160626,0.6862086753261165,0.5614187315220034,0.6941587271704971,0.5496275273766975,0.5987059739224209,0.11744778288469729,0.465585195599505,0.6694481645547887,0.44944661958891746,0.4902266209325092,0.2850749471231953,0.5187753994518635,0.0016401112654954586,0.34652114597544337,0.47543252595155705
151,Al0.75HfNbTaTiZr,BCC,427.0,0.332823964672583,0.7015607585203111,0.19685990338164255,0.5792405306395699,0.5674721759573816,0.5436882642511678,0.24496321914800176,0.5345507864728007,0.26840473986039753,0.5606123303743735,0.35917952488565463,0.5988474473594237,0.1790256622210574,0.31602229569281465,0.13058707073783554,0.6004773603546105,0.31567896400301865,0.6603076783650907,0.6274946940201426,0.0047111530424580285,0.5156889495225102,0.21799307958477507
152,MoNbTaV,BCC,504.0,0.22238846765741688,0.2933049473885763,0.3402777777777778,0.17249367799288054,0.6934494998386578,0.7956672767664998,0.6317340067340068,0.72007737081142,0.6466502172397146,0.6663749840332799,0.7771422255381469,0.3151983102445437,0.029851611407373076,0.1520449030129151,0.2670753064798598,0.030162879549567666,0.23554964007779605,0.8129233976029183,0.37189087029783846,0.01921267519197999,0.7391541609822647,0.1916955017301038
153,AlCoCrFe2Mo0.5Ni,BCC + Im,639.0,0.369484749526996,0.6252187571718669,0.6153846153846154,0.35881805606481615,0.43173799417749087,0.2615988918544817,0.6430247992747992,0.5194377566330798,0.6468049463811949,0.5169527575874374,0.6114097568959546,0.45300646209517015,0.08791251255893043,0.4623818813017327,0.7981947999461136,0.3046914878807097,0.4124500363542349,0.27145548562953464,0.45488667960041007,0.00384539571461765,0.5571623465211459,0.31626297577854673
154,AlCoCrFeNb0.25Ni,BCC + Im,668.0,0.41306288890587056,0.6378580198444882,0.5965608465608465,0.4396527093685621,0.40521739512197263,0.22794992171386091,0.5285944765111431,0.5059672874257838,0.556899947126842,0.47855573007609675,0.560830770728806,0.4242129299093128,0.10298322899760413,0.4635208165088085,0.7960136769243595,0.32190974117376686,0.4809616198117089,0.25727685550509927,0.484922251067588,0.0019986151260718184,0.42373806275579806,0.3480968858131488
155,CoFeMoNi2V,FCC + Im,382.0,0.23210961780206973,0.4711300350742825,0.7222222222222221,0.7235640279448512,0.5240400129073896,0.3822920334873799,0.8009609988776656,0.3923551161926012,0.7440951921185787,0.45109252577063735,0.7395617452817156,0.260536303463645,0.03432774299920138,0.11108538686210902,0.7851722124927031,0.2917085595549299,0.3521027437026592,0.3953447976376584,0.45873066256653006,0.004388106003880624,0.5762619372442018,0.3737024221453287
156,Hf0.5Mo0.5NbSi0.9TiZr,BCC + Im,640.0,0.7517277422693713,0.6641660148013337,0.22335600907029474,0.9136093405128639,0.3738457905634942,0.5094473052701605,0.3042134783206212,0.8976174700267914,0.433583979104703,0.8464442469319946,0.3853612074026327,0.7275686001278785,0.1682423491075076,0.27844799077745,0.30612244897959107,0.9173208796890965,0.45291255565724714,0.6177537195180312,0.4606692361680939,0.0009194337441270126,0.05184174624829464,0.4546712802768166
157,AlMoNbTiV,BCC,537.0,0.24361882951411806,0.5208099393420963,0.2500000000000001,0.49408148198165697,0.334209191905223,0.4486081463543999,0.4220328282828284,0.9907958572734716,0.4507321782974843,0.9684789276674448,0.529718975379259,0.7343445928016153,0.13173351881907416,0.4496384893222388,0.34150612959719817,0.4181781620752061,0.18896114961300817,0.5290255341323609,0.6814564585612606,0.00312186041365788,0.47721691678035466,0.11072664359861592
158,Al0.5CoCrCuFeNiTi0.4,FCC,321.0,0.3683972545494082,0.8127844391208779,0.7198681732580037,0.38530208796839743,0.4460565659312111,0.2144123393090401,0.5278972635964162,0.4351281752332476,0.5331550807000764,0.4572529956103592,0.5562257657655126,0.34361006481051076,0.09064371149631714,0.3485759581874538,0.8297960758704629,0.4452858997910752,0.41679709681441407,0.22398671624521949,0.24180379153441617,0.006778924838165543,0.643656207366985,0.24913494809688577
159,AlCoCrFeMo0.5Ni,BCC + Im,747.0,0.3861718224423884,0.6822280040756697,0.5959595959595958,0.4076692189313792,0.4247620723903396,0.26019005709854653,0.6216425619834711,0.5760574830848184,0.6298878935793594,0.5698055756487758,0.614285104212983,0.4987898302463602,0.09311173408089708,0.4937699599630616,0.7793345008756573,0.31175621081110727,0.440963836782422,0.2741958406366954,0.4961245035400388,0.003175837464795848,0.5085948158253752,0.36332179930795844
160,AlCoCrCuFe,FCC + BCC,407.0,0.37648195662500084,0.5208099393420963,0.638888888888889,0.08731083780310164,0.3998524869773661,0.16010990492007113,0.44833754208754206,0.509415765066632,0.4767473046183554,0.551880031503814,0.5044074166183096,0.4592943431527289,0.12014066002009433,0.4261295846444283,0.8143607705779343,0.2991353307862457,0.3980027601628521,0.18342886920270965,0.24504278590721196,0.010713736718653513,0.7268758526603002,0.20968858131487886
161,Al1.25CoCrFeMnNi,BCC,539.0,0.39151538183859874,0.7028139329049128,0.5833333333333334,0.16015110968565435,0.38554372378186524,0.16969397914067222,0.5459806397306397,0.4800433069087224,0.5670224749235637,0.4878550098232722,0.4486114565199371,0.6663550003149258,0.1754772393538914,0.5354156694309916,0.8129597197898427,0.23617904685300622,0.4128942770604093,0.1769254820218863,0.3555018126273686,0.0022863322721501248,0.4649386084583902,0.24152249134948092
162,Al0.5MoNbTiV,BCC,487.0,0.2534880071349593,0.4919117777352281,0.27469135802469136,0.36563794147997014,0.3720708677146237,0.5215220807350952,0.46671576879910215,0.9477115621776497,0.4969812917568107,0.9164272249333415,0.5814105575358994,0.6573237654138777,0.10581703892624364,0.424181989220479,0.31620937925666454,0.47451795249905043,0.20389133344199448,0.579931677378264,0.5923614713828013,0.0054121894496565225,0.5836289222373807,0.12802768166089964
163,CoCuFeNiTiVZr,,630.0,0.6600732464916863,0.8638586765081667,0.6230158730158729,0.9903568137148373,0.424402868601458,0.288027779313206,0.4472252284752286,0.5483982778066774,0.41207347070137396,0.6202099165570577,0.48103804234120084,0.39210679919728414,0.11424486325947021,0.29552350669512695,0.6517388041030772,0.5745884921432881,0.821568587054391,0.34720464527655764,0.4287165891278849,0.0017940277260629078,0.31268758526602997,0.8463667820069204
164,Al0.3CoCrCuFeNi,FCC,180.0,0.22068536512942907,0.6496991540084067,0.7877358490566039,0.14302479865055154,0.484700307637713,0.22077806226135369,0.5727816688901595,0.3656664554153527,0.579993097717895,0.3687219255482966,0.5981709234068314,0.25211319977891816,0.0722439254149004,0.29875739713981897,0.8897002940884909,0.3489560608417531,0.2357206874462195,0.21835271908521542,0.21036462795069832,1.0,0.8231923601637108,0.08373702422145328
165,FeMoNiTiVZr,BCC + Im,740.0,0.6413410436713923,0.7066950526114236,0.4675925925925925,0.8546978788595743,0.4206272376649917,0.4342809444519318,0.5782477553310886,0.7645604573738616,0.5346778951885425,0.8507678501193027,0.5654756970350108,0.6135893662649364,0.10459334827524018,0.38061710765723994,0.48744892002335066,0.5558013271667002,0.7315417290785138,0.4742053152683688,0.4363623951468105,0.0019851219846621,0.31487039563437924,0.9072664359861591
166,Al0.8CoCrCuFe,FCC + BCC,271.0,0.35207255627454664,0.5171075593168241,0.664351851851852,0.09347221682501365,0.416785752700564,0.1754318702530683,0.46618967452300786,0.47907437128719904,0.4951746857623058,0.5179522542927391,0.5227371116453434,0.4202228144420433,0.10993894427699209,0.41193384951986894,0.8245767659077643,0.31530263422481397,0.3717722789834797,0.188118811881188,0.23867166671389795,0.018530142223670026,0.764256480218281,0.1820069204152249
167,CrCuFeMnNi,FCC + BCC,296.0,0.20475018511302923,0.5208099393420963,0.7777777777777778,0.15303676463055776,0.4854100401051032,0.21941856471478208,0.5975378787878788,0.28291014893760036,0.6183554149010353,0.2800576923148206,0.48451186824725767,0.519822043173947,0.14417652059664582,0.5454559232149656,0.8774080560420318,0.20901829881359346,0.023748766510814288,0.1659197498697238,0.35952409389049034,0.015142933844156332,0.9009549795361528,0.009688581314878894
168,CrCuFeMoNi,FCC,263.0,0.22599649172260466,0.5208099393420963,0.7499999999999999,0.5361798534248541,0.5388835108099387,0.3689727281027055,0.7385311447811448,0.5126400289358262,0.7352893847556725,0.505641059525792,0.7198319931470891,0.3512309686945908,0.04262307751758249,0.17940301060827718,0.7793345008756568,0.25248341041624783,0.31661796125197894,0.3285044293903075,0.6347005129423912,0.0100779031166163,0.9522510231923602,0.3211072664359862
169,AlCoCuFeNbNi,Im,578.0,0.4364749839885158,0.7066950526114236,0.6759259259259258,0.791773710851274,0.44920788580033505,0.22242522654122657,0.47232744107744107,0.5575875885706392,0.4893078724811813,0.5172445463863322,0.5175790065121079,0.4033240769244887,0.11032537290362471,0.40700902811758877,0.78225335668418,0.1772236745090153,0.5595959503822364,0.32169532742747947,0.7900097880908183,0.0023855267366303745,0.45266030013642555,0.5211072664359861
170,AlCo2CrFeMo0.5Ni,FCC + BCC + Im,586.0,0.3641257526588266,0.6252187571718669,0.6367521367521368,0.39255382928711763,0.4457800992166916,0.25800383984996433,0.6373591686091686,0.5199385564456758,0.6404094752000131,0.5177351722759983,0.6310502341340443,0.4472087436787115,0.08363207238699936,0.47748696328252016,0.80897211370066,0.35852062676916896,0.4297715292272636,0.27498296388343296,0.4526165155650555,0.003332150021253154,0.529331514324693,0.33564013840830453
171,CoFeNiV,FCC,238.0,0.15877722054086296,0.2933049473885763,0.7222222222222222,0.6140566063637976,0.47356290047480765,0.3027689257750514,0.6527777777777778,0.2676728092931703,0.6097731051869334,0.3149032905359872,0.6431236010942554,0.03501790277946977,0.04926964989566426,0.01820502906479973,0.8362521891418565,0.3641664990951136,0.21355326773405753,0.32412714955706085,0.20254315870823422,0.0028053975681323596,0.5432469304229194,0.11211072664359861
172,MoNbTaW,BCC,454.0,0.14484807120053197,0.2933049473885763,0.375,0.08635564894636061,1.0,1.0,1.0,0.7060894889386523,1.0,0.6528648814844571,1.0,0.37637165399665423,0.0,0.21877987806294782,0.240805604203152,0.0,0.11534030266815139,1.0,0.22290950092233813,0.009658225553015832,0.6439290586630286,0.10103806228373702
173,Al0.5CoCrCuFeNiTi0.6,FCC + BCC,458.0,0.39924815511056955,0.8327004583044225,0.7017304189435337,0.4564501509516032,0.4366884233261014,0.21856542036059054,0.5167263481812664,0.44661749832061237,0.520982252381459,0.4741145208798588,0.5460648535081535,0.3572091801300425,0.09413971485368293,0.34462219614682754,0.8080445580086709,0.4958909257531654,0.45210833270907846,0.2289443784758114,0.24832025474428027,0.005048582749214435,0.5918144611186903,0.29826989619377164
174,Al0.3NbTa0.8Ti1.4V0.2Zr1.3,BCC,500.0,0.3534284161969019,0.5308951992600001,0.21388888888888888,0.40103831831772746,0.4542479140736643,0.5442071672963302,0.20787037037037032,0.5416636702243087,0.23397521858070044,0.6017130627235402,0.37251098400066324,0.5812275960785324,0.1711878815982688,0.3132461186149594,0.17302977232924624,0.6635029157450231,0.3447989699969938,0.6584262636789994,0.5768947466857126,0.011792144897329592,0.6946793997271488,0.2145328719723183
175,CoCrCu0.5FeNi,FCC,172.0,0.03868552619584728,0.4919117777352281,0.7993827160493827,0.1719526925955505,0.5079057760567925,0.2713171441917577,0.6372872240927796,0.25285457369664965,0.6486616960789572,0.20716334133713776,0.6532555933202541,0.08644993092144705,0.04832504658611774,0.06779578285009269,0.8999805409612764,0.40874053220725254,0.026291653651990772,0.24225580452782106,0.14233565293858164,0.08146648602605921,0.840381991814461,0.008996539792387542
176,CoCrCuFeNi,FCC,234.6,0.05341157484622431,0.5208099393420963,0.8333333333333335,0.1523134376573836,0.5141750795187388,0.24648178178134658,0.6059553872053873,0.2874142129183741,0.6127232741511559,0.275954465699755,0.6301914946530717,0.127523351938678,0.05467965066852156,0.09149538836652596,0.9089316987740812,0.3752262215966218,0.023095051179637675,0.22720166753517448,0.1864739926025843,0.012911167041563915,0.9154160982264665,0.007612456747404843
177,Al1.3CoCrCuFeNi,FCC + BCC,470.0,0.38183857484882056,0.7012420203314372,0.6671075837742504,0.11642985580733178,0.406724720650872,0.15277880427195467,0.48502050932606483,0.5278577285344063,0.4934053293759349,0.5506336185222404,0.5134604174643966,0.464072381156895,0.11871026072278104,0.4386766538994952,0.8388235621160313,0.2794582810669679,0.42386918151431324,0.1949428025509318,0.254995824150854,0.005260693423488627,0.6291950886766712,0.2408304498269896
178,Al0.75MoNbTiV,BCC,517.0,0.24846337211075417,0.5148254020278175,0.26169590643274854,0.4394537398686538,0.35214366992020224,0.4831463257978872,0.44319843168527373,0.9708433452837288,0.4726396530940072,0.944343849512718,0.5542044616639835,0.6988072655516608,0.1194572915014176,0.44187213094938294,0.32952345838326086,0.4448654312233429,0.1961326587501947,0.5531389704067359,0.6414759873454392,0.003961390785161624,0.5238744884038199,0.1190311418685121
179,HfNbTaZr,BCC,365.0,0.3614709350149212,0.2933049473885763,0.23611111111111113,0.0,0.7768865532660303,0.7352097888416943,0.3016098484848485,0.5194397753234791,0.3388939548355951,0.5019597134637594,0.44264831854983566,0.5328603005977903,0.13959734137104876,0.32949122094635525,0.03940455341506125,0.38266639855218176,0.2831657679029495,0.8421052631578947,0.2558874992631537,0.01725398711779837,0.9151432469304229,0.2352941176470588
180,HfNbTaTiZr,BCC,340.0,0.33619474788892717,0.5208099393420963,0.22222222222222215,0.14635699706826497,0.6535748859078966,0.6563840933496221,0.2787247474747475,0.49108709362703173,0.30349192726492513,0.5076195601121727,0.40338224322307903,0.5298848407137071,0.15113223587603375,0.28546012589559144,0.0647985989492118,0.703880957168711,0.29544189907204466,0.7487232933819699,0.42418265961636187,0.024165479095500673,0.8971350613915415,0.22076124567474045
181,CoFeMo0.8NiV,FCC + Im,606.0,0.2353696949093249,0.5171075593168241,0.6759259259259259,0.7106764923732019,0.5087893175986109,0.3953798342441356,0.7750946969696972,0.4237891627976718,0.7266623755118097,0.48136482135241604,0.7311798244402075,0.27152717425057266,0.03625988613236469,0.11549686122323097,0.7508756567425572,0.30380722568536767,0.3389817406485198,0.4010769498002433,0.45720441783895266,0.004633574910566531,0.5765347885402455,0.35294117647058826
182,CoCrFeMnNiV0.75,FCC + Im,342.0,0.21549495309315625,0.7015607585203111,0.6678743961352657,0.4319891467051071,0.45932268273275895,0.29108500676036986,0.6307046918459963,0.24426517644300358,0.6462129392311836,0.22697365086778135,0.5466734426867641,0.46380774479769143,0.12033891470680143,0.5771848538168332,0.8158836518693366,0.3130203971008665,0.14285988992930868,0.23834877766952886,0.4031855416148094,0.0066059133735102485,0.6360163710777627,0.06366782006920416
183,CoFeMoNi1.8V,FCC + Im,510.0,0.23453483279857962,0.4861489155666975,0.7126436781609194,0.7248349960329673,0.5226252867204899,0.38774203046161665,0.8007191164518752,0.4000176808452845,0.7451201985768904,0.45874119265383206,0.7411530080106266,0.2657583686356877,0.034212258582046774,0.1140633275250589,0.77631499486684,0.2917131822184625,0.35280717815699164,0.3989865411223519,0.46274446290240173,0.004471950231402454,0.5762619372442018,0.3778546712802768
184,CoCrFeMnNiV1.0,FCC + Im,650.0,0.2156393883367703,0.7066950526114236,0.6527777777777777,0.46915938247808797,0.4525883925690315,0.2986025670566378,0.6177048260381593,0.2603286546345487,0.6312288794721879,0.2562916368236149,0.5472381110282131,0.45171497912833486,0.1181827549784888,0.5697244174287021,0.7997664915353183,0.3117916750452443,0.15836865788834195,0.24804585721730052,0.41247658102854057,0.0060512842786838265,0.6199181446111869,0.07404844290657439
185,HfMo0.5NbTaTiZr,BCC,480.0,0.3741510212194797,0.6822280040756697,0.2424242424242425,0.1910823459238778,0.6564245692996904,0.6747523009168888,0.37944788797061535,0.7908935618377456,0.3950934545259493,0.7909338177146612,0.47320757940006913,0.6564225107733612,0.13477576600692762,0.3357316921037041,0.0883617258398342,0.6400745845748862,0.33132581048452275,0.7520962622578049,0.40191293359112124,0.12273943817132081,0.8412005457025921,0.30588235294117644
186,CoCrFeMnNiV0.25,FCC,151.0,0.21333638182725057,0.6378580198444882,0.7023809523809523,0.31093453392159837,0.47471534596413595,0.27390201179747165,0.6604186708353375,0.20062130730158778,0.6804622186803164,0.1371681139111225,0.5453827721920238,0.4906116572876731,0.1252672798000876,0.5926253729142793,0.8527228754899505,0.315828904656574,0.09100969032998159,0.21618402441747933,0.3704811694519463,0.008560354134080544,0.6807639836289222,0.03598615916955017
187,Al0.2Co1.5CrFeNi1.5Ti0.5,FCC,487.0,0.35767937635280544,0.5563915288800788,0.7100389863547759,0.47483450147540646,0.4635709958989115,0.27606552193052997,0.6261869425246619,0.33184341511806753,0.6260531444472361,0.31787523223706504,0.6267960652965693,0.24034496504032687,0.06451663202367929,0.2903348824576368,0.8349463852275173,0.5671538589082801,0.4192153269329995,0.26852435936114377,0.12329929745665019,0.002697754004538402,0.4911323328785812,0.2664359861591695
188,Al1.5CoCrCuFeNi,FCC + BCC,506.0,0.3965450459599242,0.6929045142615382,0.6474358974358975,0.11178037515361489,0.3940087018499411,0.14168969450752972,0.4707086894586895,0.5505262034991695,0.4792848625386308,0.5754782657341532,0.49964608880301514,0.4915921511255838,0.12628784771145077,0.4447243967125283,0.8305267412097539,0.2681247969806185,0.4388491105106632,0.19112518539303325,0.26019054667992714,0.0044129231780436935,0.6046384720327421,0.2602076124567474
189,Al1.3CoCrCuFe,FCC + BCC,476.0,0.40282165738676123,0.514606422584221,0.6042976939203354,0.07872850016020287,0.3768488052401915,0.1392951595620372,0.42408558859030554,0.5481175544753168,0.45171388117751715,0.5950326458874636,0.47950669884573516,0.5082155765726688,0.13399959461449734,0.4365999279992469,0.8004824372996732,0.2771722015866813,0.4246616211850228,0.17705762631873914,0.25233511283447074,0.006644374032060133,0.6815825375170531,0.2422145328719723
190,AlCrFeNiMo,BCC + Im,905.0,0.39816329288049573,0.5208099393420963,0.5277777777777779,0.5187826377900954,0.4234545705988108,0.32285657147080427,0.6777146464646465,0.6712069409663057,0.684331920828193,0.6612531314247914,0.6482080190113019,0.586091527566035,0.09324522760646113,0.5316983464757269,0.6952714535901934,0.21998793484818016,0.4352989416246352,0.3243355914538822,0.6497579775896793,0.003323802234291069,0.5279672578444748,0.4408304498269896
191,Al0.25CoCrFeNi,FCC,111.5,0.2240849010178713,0.43825509901240284,0.7140522875816994,0.18394090126143398,0.47026826219355117,0.2723626054237934,0.6378305109922758,0.30603282540317583,0.6548144548813464,0.2532761870842462,0.6457568354374829,0.20159344965329806,0.059475911857903366,0.3168829293252113,0.869990728340373,0.4188973397523096,0.24840164320261066,0.24988505042454712,0.11871841444364889,0.005418013244922332,0.6387448840381992,0.09550173010380623
192,AlMo0.5NbTa0.5TiZr,BCC,591.0,0.33864346416074614,0.6621489498643811,0.20833333333333331,0.6707549406257395,0.40095883464712123,0.46398744440628314,0.2836700336700337,1.0,0.31408571581826955,1.0,0.40277432368951904,0.8101410113715144,0.18189195455599352,0.38317953853200076,0.2451838879159369,0.4548562236074804,0.3337994664522151,0.5948931735278793,0.7103170911631055,0.0024210409174968525,0.3724420190995907,0.20207612456747404
193,Al2.5CoCrCuFe,FCC + BCC,624.0,0.4473493886253797,0.4289945214033709,0.4978632478632479,0.050544008338159335,0.30606824604888505,0.07524978922962566,0.3494641932141932,0.6511805840245859,0.37468796289801504,0.709702069549727,0.40288910569935205,0.6349399180462861,0.1766424702895837,0.4285624407621134,0.7577798733665642,0.2095933425110984,0.46056791335577485,0.15745380206036794,0.2652584642023772,0.002726742024930689,0.5806275579809005,0.3086505190311418
194,AlCrCuFeNi1.4,FCC + BCC,367.0,0.366700710292806,0.5103366570046753,0.691358024691358,0.12598075734997569,0.41277353507105047,0.16083497210109582,0.49056537598204264,0.522908268135859,0.4973289547660624,0.5362329212973617,0.5128814464800538,0.43453442564338457,0.11517719899356811,0.42049517728544844,0.8441979632872799,0.2385474153018895,0.403934054251149,0.19323335842356165,0.25269038870218885,0.005916767058413851,0.6638472032742155,0.21799307958477507
195,Al0.5CoCrCuFeNiV0.8,FCC + BCC + Im,447.0,0.2684578190735975,0.8414152741140812,0.7023809523809523,0.4240562661855322,0.44535908372168925,0.2390167365821339,0.5229661028272139,0.41524162318054353,0.5254187068809177,0.4411108394231606,0.5764103535802119,0.28462014436569927,0.0810733392463047,0.3317923751648981,0.8210324409974147,0.3267485692581208,0.3018934221364349,0.24576292215687728,0.3157411655599455,0.009857200147775925,0.6875852660300137,0.144636678200692
196,Al0.5CrFe1.5MnNi0.5,BCC,396.0,0.3465293648007491,0.43263674850665945,0.5833333333333334,0.0937564962080032,0.40126615344427546,0.22063852285314167,0.5888865506921063,0.3756673168631362,0.6294408982817499,0.35820047511554015,0.44072938062824496,0.6457183983192989,0.1782938746769027,0.5469133775143441,0.8026853473438414,0.2031521326272985,0.29661019760003526,0.16814313010248386,0.36582436472617175,0.004603828439683212,0.62537517053206,0.12941176470588234
197,CuFeNiTiVZr,,590.0,0.6729563212009753,0.7066950526114236,0.5833333333333334,0.963657152872544,0.4015734722414297,0.2950358017016132,0.4011293490460157,0.5827047108129924,0.3643726867993348,0.6514637154587318,0.44066797461475415,0.39313239125255595,0.12803668495762166,0.2795661596074884,0.5983654407472272,0.5677324217440847,0.8121136413107873,0.35852006253256896,0.45382966246590173,0.0017875117998148332,0.3489768076398363,0.8581314878892733
198,Cu31.6Mn31.6Ni31.6Al5,FCC,166.0,0.25750983281087403,0.14657951465715993,0.8633377866844799,0.16169730665346962,0.4914731505143694,0.10291162760880888,0.5752605800827244,0.3683280318634935,0.5495308591758423,0.42348588272951204,0.3549759443172732,0.696787172895271,0.2172979547471169,0.4930589225247672,0.9296175538467475,0.04299688054975827,0.22129069420075484,0.11574999921677645,0.42364777914407725,0.007561694156143637,0.729331514324693,0.08166089965397924
199,AlCoFeNi,BCC,456.0,0.42192535236905643,0.2933049473885763,0.6527777777777778,0.04616024418412914,0.39750149817913616,0.13298799653938617,0.5780723905723907,0.519666728371256,0.5467467682239983,0.5532458944106988,0.519190914366244,0.49695000525700483,0.12336733905247699,0.4744251312976616,0.8712784588441332,0.27106374421878143,0.4811778455537431,0.22407503908285561,0.24236899238316933,0.0012051467392321282,0.44693042291950885,0.3217993079584775
200,CoCuFeMnNiSn0.08,FCC + Im,219.0,0.308742712323979,0.5775462196136023,0.8501749781277338,0.16657983645811925,0.5153612816790931,0.16495328195358638,0.6484157520082717,0.2655875557769141,0.6295077715939909,0.28506330691203197,0.4826885448073033,0.5221322529183797,0.14440411792949717,0.5411491245573649,0.9438476495166646,0.20040660511644764,0.4303958077770491,0.17550151202438916,0.38266997514120177,0.023817994515491662,0.8733969986357435,0.19377162629757783
201,Cu30Mn30Ni30Sn10,FCC + Im,318.0,0.5546392043542959,0.21942834990267604,0.8333333333333335,0.32451279035421793,0.5076291891393538,0.0633186894881682,0.5389309764309764,0.4584688379787657,0.5561336694737972,0.365227053469424,0.36115946834673535,0.6518211575567325,0.20635288662184095,0.48592228328560433,0.9474605954465852,0.02826704202694553,1.0,0.10818134445023445,0.42737488013669156,0.019054107953133198,0.7825375170532061,1.0
202,AlCo0.5CrFeMo0.5Ni,BCC + Im,801.0,0.39808969402097194,0.6621489498643811,0.5694444444444445,0.4116911433818029,0.4111003549532109,0.26161109831012497,0.6114267676767678,0.6111249539764531,0.6230488655259346,0.6021214742820203,0.6033877697642932,0.5307823903981916,0.09927351418193062,0.5011013128168831,0.7600700525394052,0.28135934043836724,0.4438535753796771,0.27368421052631586,0.522677645812158,0.003016571711156142,0.5004092769440655,0.3750865051903114
203,Al0.88CoCrFeMnNi,FCC + BCC,533.0,0.3638455340055822,0.7056029335434454,0.6182917611489039,0.17171464720216303,0.410216029434869,0.19343635322547437,0.5790852115256878,0.41950097575021006,0.6005321615853336,0.41703729962924263,0.4727820664865466,0.6298465957518538,0.1635526302645643,0.5540766348506169,0.8282997962757784,0.2566334396215756,0.37129474014677466,0.18359902585317608,0.35400733877143703,0.002997078723866884,0.514324693042292,0.19584775086505185
204,AlCrFeNiMo0.5Ti0.5,BCC + Im,751.7,0.4615815113335402,0.6621489498643813,0.5000000000000001,0.5455196778548347,0.3709952519245841,0.2711212649499819,0.5577651515151515,0.6816375781931353,0.5694094298127985,0.6866241529781227,0.5556937190859101,0.5946960490151563,0.11585130226447175,0.47189484386283514,0.6795096322241687,0.4186607681479992,0.48547567391679713,0.28327253778009376,0.5241673727328412,0.0017479614216569066,0.36589358799454297,0.46435986159169546
205,CoCuFeMnNiSn0.20,FCC + Im,319.0,0.41185368722748766,0.6239085887893051,0.8344017094017092,0.2146017231626303,0.5130829157934678,0.15098311295385838,0.632260101010101,0.3120694579961965,0.6235439987786711,0.2911381634436242,0.4779862984289744,0.5226345706492541,0.14517826249799354,0.5329925294316337,0.9436885356324931,0.19193026960973875,0.6771019976809672,0.17188439491722443,0.38710517069124123,0.02528884079778245,0.8712141882673943,0.4422145328719723
206,Al0.5CoCrCuFeNiTi0.2,FCC,272.0,0.3283101086655837,0.7739652684710513,0.7392787524366472,0.2876505244920696,0.45608212205246906,0.20996781397316996,0.5398521029003484,0.4221052356399873,0.5461821425849124,0.43814276736928603,0.5670997244970727,0.328022401375871,0.08690237457001339,0.3522963993358477,0.8530740160383445,0.39112964393690836,0.36892707559179905,0.21868114789318263,0.23346089143123144,0.010516536801141988,0.7034106412005456,0.1916955017301038
207,CoFeNiSi0.75,FCC + Im,570.0,0.20518346096276016,0.28616598143123534,0.7222222222222221,0.07569641505790572,0.41761551345288045,0.237610698339688,0.6592662738496071,0.2928726209922473,0.7222371220654759,0.0013306786359851231,0.5789051921854709,0.2991122414595775,0.07843213025220908,0.2650345077911846,1.0,0.6462363429184262,0.2340153918853955,0.2859822824387701,0.032395467299201446,0.001517617446237947,0.44747612551159616,0.15224913494809686
208,AlCoCrFe0.6Mo0.5Ni,BCC + Im,754.0,0.3924914370928162,0.6715552041139102,0.5860566448801745,0.4310424965031747,0.42120572010669394,0.2594718276151286,0.610741813560441,0.6039491200300535,0.6212635137196004,0.5957118853413496,0.6157509675510762,0.5206027043467213,0.09576231760189972,0.5078200891108079,0.7697194464475806,0.31535783426581976,0.4534209077284118,0.2755928843658361,0.5157505005077062,0.0028131917342617756,0.4837653478854024,0.3854671280276816
209,AlCoFeNiTiVZr,BCC,790.0,0.650596921712947,0.8638586765081667,0.4642857142857141,0.9744126530695455,0.34195362559350945,0.25508766743327677,0.4037848725348726,0.6600908955709671,0.3756752821817458,0.723090492588886,0.4298780608156387,0.5401364937114923,0.1504035418943835,0.3797610110110247,0.5916937703277457,0.551377438166097,0.7644973700219273,0.3442269038933968,0.44299003704813816,0.0005124613785144917,0.0,0.847750865051903
210,Al0.5CoCrCuFeNiV1.8,BCC,597.0,0.2593499703096682,0.8072803631669968,0.648021308980213,0.5439005871283968,0.4251317734588963,0.2708646430600334,0.4949855288040219,0.41670480227461226,0.49270319977603694,0.45639279051412923,0.5741932480050511,0.2586878276620065,0.07936344088753657,0.3070081074166992,0.7673392030324113,0.32082836357425987,0.2943101537446287,0.2766280953978598,0.35444093589886194,0.006724106765191832,0.6319236016371078,0.15294117647058822
211,Al0.95CoCrFeMnNi,FCC + BCC,535.0,0.3699801094923227,0.7065129984858436,0.611344537815126,0.16944441316876802,0.4053129480252895,0.1887180753866822,0.5725064015505192,0.43204500151805453,0.5938728438862537,0.4318642196267885,0.4679786861275224,0.6373017833142656,0.16592238564797587,0.5504699121308754,0.825251291409734,0.25256857619379947,0.3808139421960747,0.18227280490101197,0.35440323551389474,0.0028344014927255824,0.503956343792633,0.20553633217993075
212,AlCuNiTi,FCC,537.0,0.46435356130784494,0.2933049473885763,0.5833333333333334,0.6830659303983223,0.3223620522749274,0.09516742240790903,0.33475378787878796,0.650863938118645,0.3000053639435712,0.6677603629381781,0.3567106026693195,0.5409127215965556,0.1779503825643404,0.3327442277268955,0.691768826619965,0.5662577920772169,0.5380731737994907,0.20687858259510167,0.3784784094093756,0.0,0.15607094133697133,0.4899653979238754
213,AlCrFeNiMo0.5Ti0.25,BCC + Im,712.0,0.4404771685398355,0.6172920003583419,0.5175438596491228,0.49087004111078036,0.38208299063243784,0.2674391572430687,0.5772694045720362,0.6685826107873327,0.5908581462775642,0.6654409041727893,0.5719766547264289,0.5830222430609582,0.1115660121786032,0.48871525853358677,0.7065167296525025,0.33602506164869234,0.46897358774636505,0.2784344916486107,0.5383388723847087,0.002095155864275178,0.42319236016371076,0.42906574394463665
214,Al0.68CoCrFeMnNi,FCC + BCC,486.0,0.34332221106159855,0.6978888551111214,0.6390845070422535,0.17843090180489357,0.4248907449212865,0.2075579594331272,0.598775311803481,0.3801157352673558,0.6204632180790586,0.36980020117607043,0.4871583809413725,0.606931568861677,0.15646005253252268,0.5645465241409198,0.8374238425297853,0.26879940410611675,0.3382482013845358,0.18756834912549816,0.3525346350534869,0.0035876980439911777,0.5478854024556616,0.16539792387543248
215,Al0.3NbTaTi1.4Zr1.3,BCC,490.0,0.32150635800432237,0.428858596660382,0.21388888888888888,0.3880242942755545,0.49260129995851193,0.568270606085637,0.22007575757575765,0.5719918994744113,0.24368395644477817,0.6144058053311893,0.3809334328110753,0.5983334831295449,0.1693639384805626,0.3217881656360563,0.1597197898423814,0.6493464709430926,0.30885270659674224,0.6816883793642523,0.5809544930828047,0.012466640871261267,0.706412005457026,0.17024221453287194
216,Al0.5CoCrCuFeNiV0.2,FCC,204.0,0.2727239692352043,0.7739652684710513,0.7441520467836257,0.24805883253014196,0.4609021747657301,0.21454413476227413,0.5444669649713509,0.4100814864400289,0.5505579912878261,0.424013464492682,0.5781140241800723,0.3032079928102866,0.08238726114304228,0.3492915143677485,0.8622914554336805,0.3312977799415086,0.30215278564430265,0.22204547324538548,0.2566444392936939,0.017133787801228095,0.7462482946793997,0.1314878892733564
217,AlCoCrFeMo0.5,BCC + Im,857.0,0.4103871095835829,0.4919117777352281,0.5061728395061729,0.391394004019135,0.3935831835154197,0.2681784872905528,0.5802352225963335,0.6526255232895679,0.6111140910797618,0.6411553055656644,0.5967006548951339,0.5686139331578428,0.10543061029961098,0.5128988852458418,0.7209573847051954,0.31624103492191163,0.43354659213195734,0.27074286376006007,0.554669625174068,0.003163592706701892,0.538881309686221,0.36470588235294116
